# t10 Lissajous geometry — corr sweep +1->0->-1 (analysis/gen_rta_corr_wav.py corr).
# SPARSE frames only, one exemplar per distinct lit-index signature.
# 'seen=' = how many frames shared it. Identical indices across frames
# = geometry, not signal. The corr-0 scatter clouds are dropped: every
# one is unique and none of them shows the row structure.
FRAME t=424356.593 src=52523 n=5000 nz=1 seen=3101 seen=1
3556 1.0000
FRAME t=424386.665 src=55324 n=5000 nz=30 seen=263 seen=1
112 1.0000
256 1.0000
402 1.0000
550 1.0000
700 1.0000
852 1.0000
1006 1.0000
1162 1.0000
1320 1.0000
1480 1.0000
1642 1.0000
1806 1.0000
1972 1.0000
2140 1.0000
2310 1.0000
2482 1.0000
2656 1.0000
2832 1.0000
3010 1.0000
3190 1.0000
3372 1.0000
3556 1.0000
3740 1.0000
3922 1.0000
4102 1.0000
4280 1.0000
4456 1.0000
4630 1.0000
4802 1.0000
4972 1.0000
FRAME t=424386.729 src=52523 n=5000 nz=38 seen=257 seen=1
140 1.0000
306 1.0000
470 1.0000
632 1.0000
792 1.0000
950 1.0000
1106 1.0000
1260 1.0000
1412 1.0000
1562 1.0000
1710 1.0000
1856 1.0000
2000 1.0000
2142 1.0000
2282 1.0000
2420 1.0000
2556 1.0000
2690 1.0000
2822 1.0000
2952 1.0000
3080 1.0000
3206 1.0000
3330 1.0000
3452 1.0000
3572 1.0000
3690 1.0000
3806 1.0000
3920 1.0000
4032 1.0000
4142 1.0000
4250 1.0000
4356 1.0000
4460 1.0000
4562 1.0000
4662 1.0000
4760 1.0000
4856 0.9900
4950 1.0000
FRAME t=424387.424 src=52523 n=2113 nz=46 seen=165 seen=1
42 1.0000
132 1.0000
220 1.0000
306 0.9900
390 0.9900
472 1.0000
552 1.0000
630 1.0000
706 1.0000
780 0.9900
852 1.0000
922 0.9900
990 0.9900
1056 0.9900
1120 0.9900
1182 1.0000
1242 1.0000
1300 1.0000
1356 1.0000
1410 0.9100
1462 1.0000
1512 1.0000
1560 0.8400
1606 0.9700
1650 0.9600
1692 0.9800
1732 1.0000
1770 0.9000
1806 0.9000
1840 0.9800
1872 0.9200
1902 0.7700
1930 0.9900
1956 0.9400
1980 0.9300
2002 0.9900
2022 1.0000
2040 0.8600
2056 0.8000
2070 0.7800
2082 0.9300
2092 0.9900
2100 0.9000
2106 0.7400
2110 0.8200
2112 0.9700
FRAME t=424387.512 src=55324 n=5000 nz=71 seen=135 seen=1
0 0.9700
2 1.0000
6 0.7200
12 0.7000
20 0.8300
30 1.0000
42 0.8600
56 0.7800
72 0.8600
90 0.9800
110 0.8800
132 1.0000
156 0.9600
182 0.9900
210 0.9100
240 0.9700
272 0.9900
306 0.8700
342 0.9900
380 0.9700
420 0.9100
462 1.0000
506 0.8900
552 1.0000
600 0.9900
650 1.0000
702 0.9600
756 0.9700
812 0.9900
870 0.9900
930 1.0000
992 0.9900
1056 1.0000
1122 1.0000
1190 0.9700
1260 0.9900
1332 1.0000
1406 1.0000
1482 1.0000
1560 0.9900
1640 0.9900
1722 0.9900
1806 1.0000
1892 1.0000
1980 1.0000
2070 1.0000
2162 1.0000
2256 1.0000
2352 1.0000
2450 0.9900
2550 1.0000
2652 1.0000
2756 1.0000
2862 1.0000
2970 1.0000
3080 1.0000
3192 1.0000
3306 1.0000
3422 1.0000
3540 1.0000
3660 1.0000
3782 1.0000
3906 1.0000
4032 1.0000
4160 1.0000
4290 1.0000
4422 1.0000
4556 1.0000
4692 1.0000
4830 1.0000
4970 1.0000
FRAME t=424387.316 src=52523 n=5000 nz=70 seen=45 seen=1
0 0.9200
2 0.8000
12 0.7900
20 0.9500
30 1.0000
42 1.0000
56 0.8700
72 0.9400
90 0.9700
110 0.9700
132 0.9500
156 0.8000
182 0.9500
210 0.9500
240 1.0000
272 0.8400
306 0.9600
342 0.8200
380 0.9600
420 0.9600
462 0.9700
506 0.9000
552 1.0000
600 0.9200
650 1.0000
702 0.9700
756 0.9600
812 0.9900
870 0.9600
930 1.0000
992 0.9600
1056 1.0000
1122 0.9900
1190 0.9700
1260 1.0000
1332 0.9800
1406 0.9600
1482 1.0000
1560 0.9800
1640 1.0000
1722 1.0000
1806 0.9600
1892 1.0000
1980 1.0000
2070 1.0000
2162 0.9800
2256 1.0000
2352 1.0000
2450 1.0000
2550 1.0000
2652 1.0000
2756 0.9900
2862 1.0000
2970 0.9900
3080 0.9900
3192 1.0000
3306 1.0000
3422 1.0000
3540 1.0000
3660 1.0000
3782 0.9900
3906 1.0000
4032 1.0000
4160 1.0000
4290 1.0000
4422 1.0000
4556 1.0000
4692 1.0000
4830 1.0000
4970 1.0000
FRAME t=424387.425 src=55324 n=2113 nz=45 seen=27 seen=1
42 1.0000
132 1.0000
220 1.0000
306 0.9900
390 0.9900
472 1.0000
552 1.0000
630 1.0000
706 1.0000
780 0.9900
852 1.0000
922 0.9900
990 0.9900
1056 0.9900
1120 0.9900
1182 1.0000
1242 1.0000
1300 1.0000
1356 1.0000
1410 0.9300
1462 1.0000
1512 1.0000
1560 0.9500
1606 0.9700
1650 0.9500
1692 0.9800
1732 1.0000
1770 0.8600
1806 0.9500
1840 0.9800
1872 0.9200
1902 0.7700
1930 0.9900
1956 0.9400
1980 0.9000
2002 0.9900
2022 1.0000
2040 0.8600
2056 0.8000
2070 0.7800
2082 0.9200
2092 0.9900
2106 0.7400
2110 0.8200
2112 0.9700
FRAME t=424409.086 src=52523 n=2113 nz=3 seen=27 seen=1
386 0.3000
398 0.3100
477 0.2600
FRAME t=424409.212 src=55324 n=2113 nz=1 seen=25 seen=1
386 0.2400
FRAME t=424387.059 src=55324 n=5000 nz=69 seen=21 seen=1
0 0.9700
6 0.9300
12 0.9100
20 0.9000
42 1.0000
56 0.9900
72 0.8600
90 1.0000
110 0.9200
132 0.9900
156 0.9100
182 1.0000
210 0.9900
240 0.9300
272 0.9600
306 0.9800
342 0.9400
380 1.0000
420 1.0000
462 1.0000
506 0.9700
552 1.0000
600 0.8900
650 1.0000
702 0.9800
756 0.9900
812 0.9900
870 0.9800
930 0.9800
992 1.0000
1056 0.9800
1122 0.9300
1190 0.9900
1260 0.9900
1332 0.9900
1406 1.0000
1482 0.9500
1560 1.0000
1640 0.9900
1722 1.0000
1806 1.0000
1892 1.0000
1980 1.0000
2070 1.0000
2162 0.9900
2256 0.9900
2352 1.0000
2450 1.0000
2550 0.9900
2652 1.0000
2756 0.9800
2862 1.0000
2970 1.0000
3080 1.0000
3192 1.0000
3306 1.0000
3422 1.0000
3540 1.0000
3660 1.0000
3782 1.0000
3906 1.0000
4032 1.0000
4160 1.0000
4290 1.0000
4422 1.0000
4556 1.0000
4692 1.0000
4830 1.0000
4970 1.0000
FRAME t=424387.041 src=55324 n=2113 nz=43 seen=17 seen=1
42 1.0000
132 1.0000
220 1.0000
306 0.9900
390 1.0000
472 1.0000
552 1.0000
630 1.0000
706 1.0000
780 0.9700
852 1.0000
922 1.0000
990 1.0000
1056 0.9900
1120 0.9800
1182 0.9600
1242 1.0000
1300 0.9600
1356 0.9600
1410 0.9800
1462 1.0000
1512 1.0000
1560 1.0000
1606 1.0000
1650 0.9900
1692 1.0000
1732 0.9900
1770 0.8700
1806 0.9900
1840 0.9300
1872 1.0000
1902 0.9500
1930 0.9300
1956 0.9100
1980 1.0000
2002 0.9800
2040 0.9600
2056 0.9800
2070 0.9600
2082 0.9900
2106 0.9200
2110 1.0000
2112 1.0000
FRAME t=424407.734 src=55324 n=2113 nz=11 seen=17 seen=1
42 0.3300
132 0.5000
138 0.6300
146 0.6400
241 0.4400
278 0.7000
379 0.4500
384 0.2200
386 0.9500
396 0.5800
422 0.1600
FRAME t=424408.092 src=52523 n=2113 nz=12 seen=17 seen=1
42 0.1600
63 0.3900
132 0.3300
138 0.4600
146 0.4700
241 0.2700
379 0.2800
386 0.7800
396 0.4100
398 0.7900
474 0.3700
477 0.7400
FRAME t=424389.256 src=52523 n=5000 nz=70 seen=13 seen=1
0 1.0000
2 0.6800
6 0.8500
20 0.6500
30 0.8500
42 0.8100
56 1.0000
72 0.8200
90 1.0000
110 0.9600
132 0.8400
156 0.8700
182 0.9200
210 0.9200
240 0.9700
272 0.9800
306 0.9700
342 0.9800
380 0.9900
420 1.0000
462 1.0000
506 0.9700
552 0.9600
600 0.9900
650 0.9900
702 0.9800
756 0.9900
812 1.0000
870 0.9900
930 1.0000
992 1.0000
1056 0.9900
1122 0.9900
1190 1.0000
1260 1.0000
1332 1.0000
1406 1.0000
1482 1.0000
1560 0.9800
1640 1.0000
1722 1.0000
1806 1.0000
1892 1.0000
1980 1.0000
2070 1.0000
2162 1.0000
2256 1.0000
2352 1.0000
2450 0.9900
2550 0.9900
2652 1.0000
2756 1.0000
2862 1.0000
2970 1.0000
3080 1.0000
3192 1.0000
3306 1.0000
3422 1.0000
3540 1.0000
3660 1.0000
3782 1.0000
3906 1.0000
4032 1.0000
4160 1.0000
4290 1.0000
4422 1.0000
4556 1.0000
4692 1.0000
4830 1.0000
4970 1.0000
FRAME t=424407.735 src=52523 n=2113 nz=14 seen=13 seen=1
42 0.3300
63 0.5600
107 0.1200
132 0.5000
138 0.6300
146 0.6400
241 0.4400
379 0.4500
386 0.9500
396 0.5800
398 0.9600
422 0.1600
474 0.5400
477 0.9100
FRAME t=424408.218 src=55324 n=2113 nz=9 seen=11 seen=1
42 0.1000
132 0.2700
138 0.4000
146 0.4100
241 0.2100
278 0.4700
379 0.2200
386 0.7200
396 0.3500
FRAME t=424408.443 src=55324 n=2113 nz=8 seen=11 seen=1
132 0.1600
138 0.2900
146 0.3000
241 0.1000
278 0.3600
379 0.1100
386 0.6100
396 0.2400
FRAME t=424408.444 src=52523 n=2113 nz=11 seen=11 seen=1
63 0.2200
132 0.1600
138 0.2900
146 0.3000
241 0.1000
379 0.1100
386 0.6100
396 0.2400
398 0.6200
474 0.2000
477 0.5700
FRAME t=424387.211 src=52523 n=2113 nz=45 seen=10 seen=1
42 1.0000
132 1.0000
220 1.0000
306 1.0000
390 1.0000
472 1.0000
552 1.0000
630 1.0000
706 1.0000
780 1.0000
852 1.0000
922 1.0000
990 1.0000
1056 1.0000
1120 0.9800
1182 1.0000
1242 0.9900
1300 0.9800
1356 0.9900
1410 0.9900
1462 0.9500
1512 0.9500
1560 0.9400
1606 0.9500
1650 0.9800
1692 0.9800
1732 0.9800
1770 1.0000
1806 1.0000
1840 0.8300
1872 1.0000
1902 0.8700
1930 0.9300
1956 0.7700
1980 0.9700
2002 0.9000
2040 0.9600
2056 0.9000
2070 0.8800
2082 0.9100
2092 0.8500
2100 1.0000
2106 0.8400
2110 0.9200
2112 0.9700
FRAME t=424387.041 src=52523 n=2113 nz=44 seen=9 seen=1
42 1.0000
132 1.0000
220 1.0000
306 0.9900
390 1.0000
472 1.0000
552 1.0000
630 1.0000
706 1.0000
780 0.9700
852 1.0000
922 1.0000
990 1.0000
1056 0.9900
1120 0.9800
1182 0.9600
1242 1.0000
1300 0.9600
1356 0.9600
1410 0.9800
1462 1.0000
1512 1.0000
1560 1.0000
1606 1.0000
1650 0.9900
1692 1.0000
1732 0.9900
1770 0.9400
1806 0.9900
1840 0.9100
1872 1.0000
1902 0.9500
1930 0.9400
1956 0.8500
1980 1.0000
2002 0.9800
2040 0.9600
2056 0.9800
2070 0.9600
2082 0.9900
2092 0.9300
2106 0.9200
2110 1.0000
2112 1.0000
FRAME t=424387.146 src=52523 n=5000 nz=69 seen=8 seen=1
0 1.0000
2 0.8800
12 0.8700
20 1.0000
42 0.9600
56 0.9500
72 1.0000
90 0.9600
110 0.8400
132 0.9500
156 0.8800
182 0.9800
210 0.9900
240 0.8900
272 0.9200
306 0.9400
342 0.9000
380 0.9600
420 1.0000
462 0.9600
506 0.9800
552 0.9600
600 1.0000
650 0.9700
702 1.0000
756 0.9900
812 0.9500
870 0.9900
930 0.9900
992 1.0000
1056 1.0000
1122 1.0000
1190 1.0000
1260 1.0000
1332 0.9700
1406 1.0000
1482 1.0000
1560 0.9800
1640 0.9900
1722 1.0000
1806 0.9900
1892 1.0000
1980 1.0000
2070 1.0000
2162 1.0000
2256 1.0000
2352 1.0000
2450 1.0000
2550 1.0000
2652 1.0000
2756 1.0000
2862 1.0000
2970 1.0000
3080 1.0000
3192 1.0000
3306 1.0000
3422 1.0000
3540 1.0000
3660 1.0000
3782 1.0000
3906 1.0000
4032 1.0000
4160 0.9900
4290 1.0000
4422 1.0000
4556 1.0000
4692 1.0000
4830 1.0000
4970 1.0000
FRAME t=424407.329 src=55324 n=2113 nz=13 seen=8 seen=1
42 0.5200
77 0.1800
132 0.6900
138 0.8200
146 0.8300
241 0.6300
278 0.8900
372 0.0700
379 0.6400
384 0.4100
396 0.7700
402 0.1000
422 0.3500
FRAME t=424408.800 src=55324 n=2113 nz=5 seen=8 seen=1
138 0.1200
146 0.1300
278 0.1900
386 0.4400
396 0.0700
FRAME t=424407.175 src=55324 n=2113 nz=14 seen=7 seen=1
42 0.5900
77 0.2500
132 0.7600
138 0.8900
146 0.9000
241 0.7000
278 0.9600
372 0.1400
379 0.7100
384 0.4800
396 0.8400
402 0.1700
422 0.4200
455 0.0600
FRAME t=424407.176 src=52523 n=2113 nz=16 seen=7 seen=1
42 0.5900
63 0.8200
77 0.2500
107 0.3800
132 0.7600
138 0.8900
146 0.9000
241 0.7000
375 0.1000
379 0.7100
396 0.8400
422 0.4200
455 0.0600
474 0.8000
621 0.0800
657 0.1000
FRAME t=424407.415 src=52523 n=2113 nz=12 seen=6 seen=1
42 0.4800
63 0.7100
77 0.1400
107 0.2700
132 0.6500
138 0.7800
146 0.7900
241 0.5900
379 0.6000
396 0.7300
422 0.3100
474 0.6900
FRAME t=424408.093 src=55324 n=2113 nz=10 seen=6 seen=1
42 0.1600
132 0.3300
138 0.4600
146 0.4700
241 0.2700
278 0.5300
379 0.2800
384 0.0500
386 0.7800
396 0.4100
FRAME t=424409.087 src=55324 n=2113 nz=2 seen=6 seen=1
278 0.0500
386 0.3000
FRAME t=424386.940 src=52523 n=5000 nz=66 seen=5 seen=1
0 0.9500
2 0.9800
12 0.9700
42 0.9800
56 0.9200
90 0.9800
110 0.9400
132 1.0000
156 0.9800
182 0.9700
240 0.9900
272 0.9200
306 0.9000
342 1.0000
380 1.0000
420 1.0000
462 0.9700
506 0.9900
552 0.9900
600 0.9900
650 0.9900
702 1.0000
756 1.0000
812 0.9900
870 1.0000
930 1.0000
992 0.9900
1056 1.0000
1122 0.9900
1190 1.0000
1260 1.0000
1332 0.9700
1406 1.0000
1482 1.0000
1560 1.0000
1640 0.9800
1722 0.9900
1806 1.0000
1892 1.0000
1980 1.0000
2070 1.0000
2162 1.0000
2256 1.0000
2352 1.0000
2450 1.0000
2550 1.0000
2652 1.0000
2756 1.0000
2862 0.9900
2970 1.0000
3080 1.0000
3192 1.0000
3306 1.0000
3422 0.9900
3540 1.0000
3660 1.0000
3782 1.0000
3906 1.0000
4032 1.0000
4160 1.0000
4290 1.0000
4422 1.0000
4556 1.0000
4692 1.0000
4830 1.0000
4970 1.0000
FRAME t=424387.041 src=52523 n=5000 nz=67 seen=5 seen=1
0 0.9800
2 0.9300
12 0.9200
42 0.9300
56 1.0000
90 0.9300
110 0.8900
132 1.0000
156 0.9300
182 1.0000
210 1.0000
240 0.9400
272 0.9700
306 0.9900
342 0.9500
380 0.9500
420 0.9500
462 0.9900
506 0.9800
552 1.0000
600 0.9400
650 0.9800
702 0.9900
756 1.0000
812 1.0000
870 0.9900
930 0.9900
992 0.9900
1056 0.9900
1122 0.9400
1190 1.0000
1260 1.0000
1332 1.0000
1406 1.0000
1482 0.9600
1560 1.0000
1640 1.0000
1722 0.9800
1806 0.9900
1892 1.0000
1980 1.0000
2070 0.9900
2162 1.0000
2256 1.0000
2352 1.0000
2450 1.0000
2550 1.0000
2652 1.0000
2756 0.9900
2862 1.0000
2970 1.0000
3080 1.0000
3192 1.0000
3306 1.0000
3422 1.0000
3540 1.0000
3660 1.0000
3782 1.0000
3906 1.0000
4032 1.0000
4160 1.0000
4290 1.0000
4422 1.0000
4556 1.0000
4692 1.0000
4830 1.0000
4970 1.0000
FRAME t=424405.429 src=55324 n=2113 nz=51 seen=5 seen=1
21 0.4600
22 0.3600
23 0.7400
28 0.7800
45 0.5400
48 0.5600
59 0.3300
73 0.8200
119 0.3800
134 0.6100
139 0.4300
143 0.0400
148 0.4600
177 0.1200
197 0.5500
201 0.6900
222 0.1400
223 0.2400
226 0.0400
229 0.3400
246 0.3800
280 0.3300
286 0.2500
290 0.1100
372 0.9700
381 0.2900
384 0.0800
389 0.4100
402 1.0000
408 0.2500
441 0.3900
450 0.2900
455 0.8900
459 0.7500
486 0.5200
573 0.7400
619 0.4900
631 0.5300
757 0.1500
762 0.3600
777 0.2000
786 0.1400
828 0.5500
856 0.5500
1050 0.3300
1225 0.5600
1313 0.0500
1356 0.4600
1383 0.5900
1414 0.5700
1487 0.2900
FRAME t=424405.761 src=52523 n=2113 nz=49 seen=5 seen=1
1 0.2000
19 0.1900
21 0.3000
23 0.5800
28 0.6200
45 0.3800
48 0.4000
59 0.4300
73 0.6600
77 0.9200
119 0.2200
132 0.7500
139 0.2700
148 0.3000
197 0.3900
201 0.5300
223 0.0800
229 0.1800
246 0.2200
280 0.1700
286 0.0900
302 0.4300
349 0.4600
375 0.7700
381 0.1300
389 0.2500
408 0.0900
441 0.2300
450 0.1300
455 0.7300
486 0.3600
573 0.5800
619 0.3300
621 0.7500
628 0.1900
631 0.3700
657 0.7700
759 0.4500
777 0.0400
828 0.3900
831 0.4600
856 0.3900
1050 0.1700
1225 0.4000
1290 0.2000
1356 0.3000
1383 0.4300
1414 0.4100
1487 0.1300
FRAME t=424405.762 src=55324 n=2113 nz=43 seen=5 seen=1
21 0.3000
22 0.2000
23 0.5800
28 0.6200
45 0.3800
48 0.4000
59 0.1700
73 0.6600
77 0.9200
119 0.2200
134 0.4500
139 0.2700
148 0.3000
197 0.3900
201 0.5300
223 0.0800
229 0.1800
246 0.2200
280 0.1700
286 0.0900
372 0.8100
381 0.1300
389 0.2500
402 0.8400
408 0.0900
441 0.2300
450 0.1300
455 0.7300
459 0.5900
486 0.3600
573 0.5800
619 0.3300
631 0.3700
762 0.2000
777 0.0400
828 0.3900
856 0.3900
1050 0.1700
1225 0.4000
1356 0.3000
1383 0.4300
1414 0.4100
1487 0.1300
FRAME t=424406.730 src=55324 n=2113 nz=16 seen=5 seen=1
23 0.1200
28 0.1600
42 0.8000
73 0.2000
77 0.4600
132 0.9700
201 0.0700
241 0.9100
372 0.3500
379 0.9200
384 0.6900
402 0.3800
422 0.6300
455 0.2700
459 0.1300
573 0.1200
FRAME t=424407.626 src=55324 n=2113 nz=12 seen=5 seen=1
42 0.3800
77 0.0400
132 0.5500
138 0.6800
146 0.6900
241 0.4900
278 0.7500
379 0.5000
384 0.2700
386 1.0000
396 0.6300
422 0.2100
FRAME t=424408.696 src=55324 n=2113 nz=6 seen=5 seen=1
132 0.0400
138 0.1700
146 0.1800
278 0.2400
386 0.4900
396 0.1200
FRAME t=424408.697 src=52523 n=2113 nz=9 seen=5 seen=1
63 0.1000
132 0.0400
138 0.1700
146 0.1800
386 0.4900
396 0.1200
398 0.5000
474 0.0800
477 0.4500
FRAME t=424408.965 src=52523 n=2113 nz=5 seen=5 seen=1
138 0.0400
146 0.0500
386 0.3600
398 0.3700
477 0.3200
FRAME t=424408.966 src=55324 n=2113 nz=4 seen=5 seen=1
138 0.0400
146 0.0500
278 0.1100
386 0.3600
FRAME t=424404.639 src=52523 n=2113 nz=92 seen=4 seen=1
1 0.7400
19 0.7300
21 0.8400
27 0.2000
29 0.2400
35 0.3400
40 0.0700
44 0.0600
45 0.9200
48 0.9400
53 0.1300
59 0.9700
60 0.0500
76 0.3100
104 0.1800
107 0.3700
113 0.3000
119 0.7600
120 0.2100
126 0.4400
130 0.0300
139 0.8100
143 0.4200
148 0.8400
150 0.1500
161 0.4300
177 0.5000
197 0.9300
213 0.1700
222 0.5200
223 0.6200
226 0.4200
229 0.7200
238 0.0600
246 0.7600
280 0.7100
282 0.0800
286 0.6300
287 0.1400
290 0.4900
291 0.2800
292 0.2800
299 0.1300
302 0.9700
309 0.3300
319 0.2900
349 1.0000
367 0.4100
375 0.3200
381 0.6700
384 0.4600
389 0.7900
405 0.3500
408 0.6300
431 0.1800
441 0.7700
450 0.6700
486 0.9000
487 0.3400
532 0.0600
556 0.0700
581 0.4100
619 0.8700
628 0.7300
631 0.9100
678 0.1700
717 0.4800
757 0.5300
759 0.9900
777 0.5800
781 0.3300
786 0.5200
823 0.2400
828 0.9300
831 1.0000
834 0.0600
856 0.9300
968 0.3600
1050 0.7100
1070 0.2400
1072 0.3400
1114 0.3000
1119 0.3600
1225 0.9400
1290 0.7400
1313 0.4300
1329 0.0900
1352 0.3500
1356 0.8400
1383 0.9700
1414 0.9500
1487 0.6700
FRAME t=424405.427 src=52523 n=2113 nz=62 seen=4 seen=1
1 0.3600
19 0.3500
21 0.4600
23 0.7400
28 0.7800
45 0.5400
48 0.5600
59 0.5900
73 0.8200
119 0.3800
126 0.0600
132 0.9100
139 0.4300
143 0.0400
148 0.4600
161 0.0500
177 0.1200
197 0.5500
201 0.6900
222 0.1400
223 0.2400
226 0.0400
229 0.3400
246 0.3800
280 0.3300
286 0.2500
290 0.1100
302 0.5900
349 0.6200
367 0.0300
375 0.9300
381 0.2900
384 0.0800
389 0.4100
408 0.2500
441 0.3900
450 0.2900
455 0.8900
486 0.5200
573 0.7400
581 0.0300
619 0.4900
621 0.9100
628 0.3500
631 0.5300
657 0.9300
717 0.1000
757 0.1500
759 0.6100
777 0.2000
786 0.1400
828 0.5500
831 0.6200
856 0.5500
1050 0.3300
1225 0.5600
1290 0.3600
1313 0.0500
1356 0.4600
1383 0.5900
1414 0.5700
1487 0.2900
FRAME t=424405.866 src=55324 n=2113 nz=42 seen=4 seen=1
21 0.2500
22 0.1500
23 0.5300
28 0.5700
45 0.3300
48 0.3500
59 0.1200
73 0.6100
77 0.8700
119 0.1700
134 0.4000
139 0.2200
148 0.2500
197 0.3400
201 0.4800
223 0.0300
229 0.1300
246 0.1700
280 0.1200
286 0.0400
372 0.7600
381 0.0800
389 0.2000
402 0.7900
408 0.0400
441 0.1800
450 0.0800
455 0.6800
459 0.5400
486 0.3100
573 0.5300
619 0.2800
631 0.3200
762 0.1500
828 0.3400
856 0.3400
1050 0.1200
1225 0.3500
1356 0.2500
1383 0.3800
1414 0.3600
1487 0.0800
FRAME t=424405.867 src=52523 n=2113 nz=49 seen=4 seen=1
1 0.1500
19 0.1400
21 0.2500
23 0.5300
28 0.5700
45 0.3300
48 0.3500
59 0.3800
73 0.6100
77 0.8700
107 1.0000
119 0.1700
132 0.7000
139 0.2200
148 0.2500
197 0.3400
201 0.4800
223 0.0300
229 0.1300
246 0.1700
280 0.1200
286 0.0400
302 0.3800
349 0.4100
375 0.7200
381 0.0800
389 0.2000
408 0.0400
441 0.1800
450 0.0800
455 0.6800
486 0.3100
573 0.5300
619 0.2800
621 0.7000
628 0.1400
631 0.3200
657 0.7200
759 0.4000
828 0.3400
831 0.4100
856 0.3400
1050 0.1200
1225 0.3500
1290 0.1500
1356 0.2500
1383 0.3800
1414 0.3600
1487 0.0800
FRAME t=424405.971 src=52523 n=2113 nz=47 seen=4 seen=1
1 0.1000
19 0.0900
21 0.2000
23 0.4800
28 0.5200
45 0.2800
48 0.3000
59 0.3300
73 0.5600
77 0.8200
107 0.9500
119 0.1200
132 0.6500
139 0.1700
148 0.2000
197 0.2900
201 0.4300
229 0.0800
246 0.1200
280 0.0700
302 0.3300
349 0.3600
375 0.6700
381 0.0300
389 0.1500
422 0.9900
441 0.1300
450 0.0300
455 0.6300
486 0.2600
573 0.4800
619 0.2300
621 0.6500
628 0.0900
631 0.2700
657 0.6700
759 0.3500
828 0.2900
831 0.3600
856 0.2900
1050 0.0700
1225 0.3000
1290 0.1000
1356 0.2000
1383 0.3300
1414 0.3100
1487 0.0300
FRAME t=424405.972 src=55324 n=2113 nz=40 seen=4 seen=1
21 0.2000
22 0.1000
23 0.4800
28 0.5200
45 0.2800
48 0.3000
59 0.0700
73 0.5600
77 0.8200
119 0.1200
134 0.3500
139 0.1700
148 0.2000
197 0.2900
201 0.4300
229 0.0800
246 0.1200
280 0.0700
372 0.7100
381 0.0300
389 0.1500
402 0.7400
422 0.9900
441 0.1300
450 0.0300
455 0.6300
459 0.4900
486 0.2600
573 0.4800
619 0.2300
631 0.2700
762 0.1000
828 0.2900
856 0.2900
1050 0.0700
1225 0.3000
1356 0.2000
1383 0.3300
1414 0.3100
1487 0.0300
FRAME t=424406.057 src=52523 n=2113 nz=44 seen=4 seen=1
1 0.0600
19 0.0500
21 0.1600
23 0.4400
28 0.4800
45 0.2400
48 0.2600
59 0.2900
73 0.5200
77 0.7800
107 0.9100
119 0.0800
132 0.6100
139 0.1300
148 0.1600
197 0.2500
201 0.3900
229 0.0400
246 0.0800
280 0.0300
302 0.2900
349 0.3200
375 0.6300
389 0.1100
422 0.9500
441 0.0900
455 0.5900
486 0.2200
573 0.4400
619 0.1900
621 0.6100
628 0.0500
631 0.2300
657 0.6300
759 0.3100
828 0.2500
831 0.3200
856 0.2500
1050 0.0300
1225 0.2600
1290 0.0600
1356 0.1600
1383 0.2900
1414 0.2700
FRAME t=424407.008 src=52523 n=2113 nz=18 seen=4 seen=1
28 0.0300
42 0.6700
63 0.9000
73 0.0700
77 0.3300
107 0.4600
132 0.8400
138 0.9700
146 0.9800
241 0.7800
375 0.1800
379 0.7900
396 0.9200
422 0.5000
455 0.1400
474 0.8800
621 0.1600
657 0.1800
FRAME t=424407.092 src=55324 n=2113 nz=15 seen=4 seen=1
42 0.6300
73 0.0300
77 0.2900
132 0.8000
138 0.9300
146 0.9400
241 0.7400
278 1.0000
372 0.1800
379 0.7500
384 0.5200
396 0.8800
402 0.2100
422 0.4600
455 0.1000
FRAME t=424407.093 src=52523 n=2113 nz=17 seen=4 seen=1
42 0.6300
63 0.8600
73 0.0300
77 0.2900
107 0.4200
132 0.8000
138 0.9300
146 0.9400
241 0.7400
375 0.1400
379 0.7500
396 0.8800
422 0.4600
455 0.1000
474 0.8400
621 0.1200
657 0.1400
FRAME t=424407.541 src=52523 n=2113 nz=13 seen=4 seen=1
42 0.4200
63 0.6500
77 0.0800
107 0.2100
132 0.5900
138 0.7200
146 0.7300
241 0.5300
379 0.5400
396 0.6700
422 0.2500
474 0.6300
477 1.0000
FRAME t=424407.648 src=52523 n=2113 nz=15 seen=4 seen=1
42 0.3700
63 0.6000
77 0.0300
107 0.1600
132 0.5400
138 0.6700
146 0.6800
241 0.4800
379 0.4900
386 0.9900
396 0.6200
398 1.0000
422 0.2000
474 0.5800
477 0.9500
FRAME t=424408.010 src=52523 n=2113 nz=13 seen=4 seen=1
42 0.2000
63 0.4300
132 0.3700
138 0.5000
146 0.5100
241 0.3100
379 0.3200
386 0.8200
396 0.4500
398 0.8300
422 0.0300
474 0.4100
477 0.7800
FRAME t=424408.799 src=52523 n=2113 nz=8 seen=4 seen=1
63 0.0500
138 0.1200
146 0.1300
386 0.4400
396 0.0700
398 0.4500
474 0.0300
477 0.4000
FRAME t=424409.647 src=52523 n=2113 nz=2 seen=4 seen=1
386 0.0300
398 0.0400
FRAME t=424386.938 src=55324 n=5000 nz=66 seen=3 seen=1
6 0.9900
12 0.9700
20 0.9600
56 0.9800
72 0.9200
90 0.9900
110 0.9800
132 1.0000
156 0.9700
182 0.9700
240 0.9900
272 0.9600
306 0.9200
342 1.0000
380 1.0000
420 1.0000
462 0.9700
506 0.9800
552 0.9700
600 0.9500
650 0.9700
702 1.0000
756 1.0000
812 0.9800
870 1.0000
930 1.0000
992 0.9800
1056 1.0000
1122 0.9900
1190 1.0000
1260 1.0000
1332 0.9900
1406 1.0000
1482 1.0000
1560 1.0000
1640 0.9900
1722 0.9900
1806 1.0000
1892 1.0000
1980 1.0000
2070 1.0000
2162 1.0000
2256 1.0000
2352 1.0000
2450 1.0000
2550 1.0000
2652 1.0000
2756 1.0000
2862 0.9900
2970 1.0000
3080 1.0000
3192 1.0000
3306 1.0000
3422 0.9900
3540 1.0000
3660 1.0000
3782 1.0000
3906 1.0000
4032 1.0000
4160 1.0000
4290 1.0000
4422 1.0000
4556 1.0000
4692 1.0000
4830 1.0000
4970 1.0000
FRAME t=424403.781 src=55324 n=2113 nz=94 seen=3 seen=1
18 0.4300
27 0.6100
29 0.6500
33 0.4500
35 0.7500
39 0.0300
40 0.4800
44 0.1200
45 0.5100
46 0.4700
53 0.5400
57 0.1900
59 0.9100
60 0.4600
61 0.1200
80 0.1600
104 0.5900
107 0.7800
113 0.7100
120 0.6200
130 0.4400
135 0.1500
139 0.2800
143 0.8300
150 0.5600
176 0.3200
177 0.9100
187 0.3900
204 0.3100
211 0.4400
213 0.5800
217 0.2200
218 0.2300
222 0.9300
223 0.3300
226 0.8300
230 0.4200
238 0.4700
264 0.5200
276 0.5200
282 0.4900
290 0.9000
291 0.6900
292 0.6900
299 0.5400
304 0.5500
319 0.7000
337 0.1600
345 0.2100
365 0.3200
384 0.8700
389 0.7300
405 0.7600
421 0.1500
431 0.5900
451 0.1600
458 0.0800
464 0.7200
480 0.1100
484 0.7400
487 0.7500
532 0.4700
540 0.3600
556 0.4800
605 0.7200
652 0.0900
667 0.1300
670 0.4000
678 0.5800
715 0.3900
724 0.1700
757 0.9400
769 0.5100
777 0.9900
786 0.9300
816 0.2200
823 0.6500
834 0.4700
855 0.4000
864 0.0600
934 0.0300
937 0.1800
968 0.7700
1038 0.0200
1049 0.3000
1070 0.6500
1072 0.7500
1108 0.0400
1114 0.7100
1119 0.7700
1126 0.1700
1313 0.8400
1329 0.5000
1352 0.7600
FRAME t=424403.783 src=52523 n=2113 nz=86 seen=3 seen=1
12 0.2200
27 0.6100
29 0.6500
35 0.7500
39 0.0300
40 0.4800
44 0.4700
53 0.5400
59 0.9100
60 0.4600
76 0.7200
104 0.5900
107 0.7800
113 0.7100
120 0.6200
126 0.8500
130 0.4400
135 0.1500
139 0.2800
143 0.8300
150 0.5600
161 0.8400
176 0.3200
177 0.9100
187 0.3900
189 0.1400
204 0.3100
213 0.5800
222 0.9300
226 0.8300
238 0.4700
266 0.2200
282 0.4900
287 0.5500
290 0.9000
291 0.6900
292 0.6900
299 0.5400
309 0.7400
319 0.7000
345 0.2100
365 0.3200
367 0.8200
375 0.7300
384 0.8700
386 0.1400
405 0.7600
421 0.1500
431 0.5900
458 0.0800
487 0.7500
532 0.4700
540 0.3600
556 0.4800
568 0.3300
581 0.8200
593 0.1600
652 0.0900
670 0.4000
678 0.5800
715 0.3900
717 0.8900
724 0.1700
757 0.9400
777 0.9900
781 0.7400
786 0.9300
823 0.6500
834 0.4700
855 0.4000
864 0.0600
934 0.0300
937 0.1800
968 0.7700
1038 0.0200
1049 0.3000
1070 0.6500
1072 0.7500
1078 0.1600
1108 0.0400
1114 0.7100
1119 0.7700
1126 0.1700
1313 0.8400
1329 0.5000
1352 0.7600
FRAME t=424404.305 src=52523 n=2113 nz=87 seen=3 seen=1
1 0.9000
19 0.8900
21 1.0000
27 0.3600
29 0.4000
35 0.5000
40 0.2300
44 0.2200
53 0.2900
59 0.8700
60 0.2100
76 0.4700
104 0.3400
107 0.5300
113 0.4600
119 0.9200
120 0.3700
126 0.6000
130 0.1900
139 0.9700
143 0.5800
148 1.0000
150 0.3100
161 0.5900
176 0.0700
177 0.6600
187 0.1400
204 0.0600
213 0.3300
222 0.6800
223 0.7800
226 0.5800
229 0.8800
238 0.2200
246 0.9200
280 0.8700
282 0.2400
286 0.7900
287 0.3000
290 0.6500
291 0.4400
292 0.4400
299 0.2900
309 0.4900
319 0.4500
365 0.0700
367 0.5700
375 0.4800
381 0.8300
384 0.6200
389 0.9500
405 0.5100
408 0.7900
431 0.3400
441 0.9300
450 0.8300
487 0.5000
532 0.2200
540 0.1100
556 0.2300
568 0.0800
581 0.5700
628 0.8900
670 0.1500
678 0.3300
715 0.1400
717 0.6400
757 0.6900
777 0.7400
781 0.4900
786 0.6800
823 0.4000
834 0.2200
855 0.1500
968 0.5200
1049 0.0500
1050 0.8700
1070 0.4000
1072 0.5000
1114 0.4600
1119 0.5200
1290 0.9000
1313 0.5900
1329 0.2500
1352 0.5100
1356 1.0000
1487 0.8300
FRAME t=424404.306 src=55324 n=2113 nz=86 seen=3 seen=1
18 0.1800
21 1.0000
22 0.9000
27 0.3600
29 0.4000
33 0.2000
35 0.5000
40 0.2300
45 0.2600
46 0.2200
53 0.2900
59 0.8700
60 0.2100
104 0.3400
107 0.5300
113 0.4600
119 0.9200
120 0.3700
130 0.1900
139 0.9700
143 0.5800
148 1.0000
150 0.3100
176 0.0700
177 0.6600
187 0.1400
204 0.0600
211 0.1900
213 0.3300
222 0.6800
223 0.7800
226 0.5800
229 0.8800
230 0.1700
238 0.2200
246 0.9200
264 0.2700
276 0.2700
280 0.8700
282 0.2400
286 0.7900
290 0.6500
291 0.4400
292 0.4400
299 0.2900
304 0.3000
319 0.4500
365 0.0700
381 0.8300
384 0.6200
389 0.9500
405 0.5100
408 0.7900
431 0.3400
441 0.9300
450 0.8300
464 0.4700
484 0.4900
487 0.5000
532 0.2200
540 0.1100
556 0.2300
605 0.4700
670 0.1500
678 0.3300
715 0.1400
757 0.6900
762 0.9000
769 0.2600
777 0.7400
786 0.6800
823 0.4000
834 0.2200
855 0.1500
968 0.5200
1049 0.0500
1050 0.8700
1070 0.4000
1072 0.5000
1114 0.4600
1119 0.5200
1313 0.5900
1329 0.2500
1352 0.5100
1356 1.0000
1487 0.8300
FRAME t=424404.366 src=55324 n=2113 nz=87 seen=3 seen=1
18 0.1500
21 0.9700
22 0.8700
27 0.3300
29 0.3700
33 0.1700
35 0.4700
40 0.2000
45 0.2300
46 0.1900
53 0.2600
59 0.8400
60 0.1800
104 0.3100
107 0.5000
113 0.4300
119 0.8900
120 0.3400
130 0.1600
139 0.9400
143 0.5500
148 0.9700
150 0.2800
176 0.0400
177 0.6300
187 0.1100
204 0.0300
211 0.1600
213 0.3000
222 0.6500
223 0.7500
226 0.5500
229 0.8500
230 0.1400
238 0.1900
246 0.8900
264 0.2400
276 0.2400
280 0.8400
282 0.2100
286 0.7600
290 0.6200
291 0.4100
292 0.4100
299 0.2600
304 0.2700
319 0.4200
365 0.0400
381 0.8000
384 0.5900
389 0.9200
405 0.4800
408 0.7600
431 0.3100
441 0.9000
450 0.8000
464 0.4400
484 0.4600
487 0.4700
532 0.1900
540 0.0800
556 0.2000
605 0.4400
619 1.0000
670 0.1200
678 0.3000
715 0.1100
757 0.6600
762 0.8700
769 0.2300
777 0.7100
786 0.6500
823 0.3700
834 0.1900
855 0.1200
968 0.4900
1049 0.0200
1050 0.8400
1070 0.3700
1072 0.4700
1114 0.4300
1119 0.4900
1313 0.5600
1329 0.2200
1352 0.4800
1356 0.9700
1487 0.8000
FRAME t=424404.367 src=52523 n=2113 nz=88 seen=3 seen=1
1 0.8700
19 0.8600
21 0.9700
27 0.3300
29 0.3700
35 0.4700
40 0.2000
44 0.1900
53 0.2600
59 0.8400
60 0.1800
76 0.4400
104 0.3100
107 0.5000
113 0.4300
119 0.8900
120 0.3400
126 0.5700
130 0.1600
139 0.9400
143 0.5500
148 0.9700
150 0.2800
161 0.5600
176 0.0400
177 0.6300
187 0.1100
204 0.0300
213 0.3000
222 0.6500
223 0.7500
226 0.5500
229 0.8500
238 0.1900
246 0.8900
280 0.8400
282 0.2100
286 0.7600
287 0.2700
290 0.6200
291 0.4100
292 0.4100
299 0.2600
309 0.4600
319 0.4200
365 0.0400
367 0.5400
375 0.4500
381 0.8000
384 0.5900
389 0.9200
405 0.4800
408 0.7600
431 0.3100
441 0.9000
450 0.8000
487 0.4700
532 0.1900
540 0.0800
556 0.2000
568 0.0500
581 0.5400
619 1.0000
628 0.8600
670 0.1200
678 0.3000
715 0.1100
717 0.6100
757 0.6600
777 0.7100
781 0.4600
786 0.6500
823 0.3700
834 0.1900
855 0.1200
968 0.4900
1049 0.0200
1050 0.8400
1070 0.3700
1072 0.4700
1114 0.4300
1119 0.4900
1290 0.8700
1313 0.5600
1329 0.2200
1352 0.4800
1356 0.9700
1487 0.8000
FRAME t=424405.090 src=52523 n=2113 nz=77 seen=3 seen=1
1 0.5200
19 0.5100
21 0.6200
23 0.9000
28 0.9400
29 0.0200
35 0.1200
45 0.7000
48 0.7200
59 0.7500
73 0.9800
76 0.0900
107 0.1500
113 0.0800
119 0.5400
126 0.2200
139 0.5900
143 0.2000
148 0.6200
161 0.2100
177 0.2800
197 0.7100
201 0.8500
222 0.3000
223 0.4000
226 0.2000
229 0.5000
246 0.5400
280 0.4900
286 0.4100
290 0.2700
291 0.0600
292 0.0600
302 0.7500
309 0.1100
319 0.0700
349 0.7800
367 0.1900
375 0.1000
381 0.4500
384 0.2400
389 0.5700
405 0.1300
408 0.4100
441 0.5500
450 0.4500
486 0.6800
487 0.1200
573 0.9000
581 0.1900
619 0.6500
628 0.5100
631 0.6900
717 0.2600
757 0.3100
759 0.7700
777 0.3600
781 0.1100
786 0.3000
823 0.0200
828 0.7100
831 0.7800
856 0.7100
968 0.1400
1050 0.4900
1070 0.0200
1072 0.1200
1114 0.0800
1119 0.1400
1225 0.7200
1290 0.5200
1313 0.2100
1352 0.1300
1356 0.6200
1383 0.7500
1414 0.7300
1487 0.4500
FRAME t=424405.091 src=55324 n=2113 nz=67 seen=3 seen=1
21 0.6200
22 0.5200
23 0.9000
28 0.9400
29 0.0200
35 0.1200
45 0.7000
48 0.7200
59 0.4900
73 0.9800
107 0.1500
113 0.0800
119 0.5400
134 0.7700
139 0.5900
143 0.2000
148 0.6200
177 0.2800
197 0.7100
201 0.8500
222 0.3000
223 0.4000
226 0.2000
229 0.5000
246 0.5400
280 0.4900
286 0.4100
290 0.2700
291 0.0600
292 0.0600
319 0.0700
381 0.4500
384 0.2400
389 0.5700
405 0.1300
408 0.4100
441 0.5500
450 0.4500
459 0.9100
464 0.0900
484 0.1100
486 0.6800
487 0.1200
573 0.9000
605 0.0900
619 0.6500
631 0.6900
757 0.3100
762 0.5200
777 0.3600
786 0.3000
823 0.0200
828 0.7100
856 0.7100
968 0.1400
1050 0.4900
1070 0.0200
1072 0.1200
1114 0.0800
1119 0.1400
1225 0.7200
1313 0.2100
1352 0.1300
1356 0.6200
1383 0.7500
1414 0.7300
1487 0.4500
FRAME t=424405.612 src=55324 n=2113 nz=48 seen=3 seen=1
21 0.3700
22 0.2700
23 0.6500
28 0.6900
45 0.4500
48 0.4700
59 0.2400
73 0.7300
77 0.9900
119 0.2900
134 0.5200
139 0.3400
148 0.3700
177 0.0300
197 0.4600
201 0.6000
222 0.0500
223 0.1500
229 0.2500
246 0.2900
280 0.2400
286 0.1600
290 0.0200
372 0.8800
381 0.2000
389 0.3200
402 0.9100
408 0.1600
441 0.3000
450 0.2000
455 0.8000
459 0.6600
486 0.4300
573 0.6500
619 0.4000
631 0.4400
757 0.0600
762 0.2700
777 0.1100
786 0.0500
828 0.4600
856 0.4600
1050 0.2400
1225 0.4700
1356 0.3700
1383 0.5000
1414 0.4800
1487 0.2000
FRAME t=424406.078 src=55324 n=2113 nz=38 seen=3 seen=1
21 0.1500
22 0.0500
23 0.4300
28 0.4700
45 0.2300
48 0.2500
59 0.0200
73 0.5100
77 0.7700
119 0.0700
134 0.3000
139 0.1200
148 0.1500
197 0.2400
201 0.3800
229 0.0300
246 0.0700
280 0.0200
372 0.6600
384 1.0000
389 0.1000
402 0.6900
422 0.9400
441 0.0800
455 0.5800
459 0.4400
486 0.2100
573 0.4300
619 0.1800
631 0.2200
762 0.0500
828 0.2400
856 0.2400
1050 0.0200
1225 0.2500
1356 0.1500
1383 0.2800
1414 0.2600
FRAME t=424406.351 src=52523 n=2113 nz=33 seen=3 seen=1
21 0.0200
23 0.3000
28 0.3400
42 0.9800
45 0.1000
48 0.1200
59 0.1500
73 0.3800
77 0.6400
107 0.7700
132 0.4700
148 0.0200
197 0.1100
201 0.2500
302 0.1500
349 0.1800
375 0.4900
422 0.8100
455 0.4500
486 0.0800
573 0.3000
619 0.0500
621 0.4700
631 0.0900
657 0.4900
759 0.1700
828 0.1100
831 0.1800
856 0.1100
1225 0.1200
1356 0.0200
1383 0.1500
1414 0.1300
FRAME t=424406.352 src=55324 n=2113 nz=28 seen=3 seen=1
21 0.0200
23 0.3000
28 0.3400
42 0.9800
45 0.1000
48 0.1200
73 0.3800
77 0.6400
134 0.1700
148 0.0200
197 0.1100
201 0.2500
372 0.5300
384 0.8700
402 0.5600
422 0.8100
455 0.4500
459 0.3100
486 0.0800
573 0.3000
619 0.0500
631 0.0900
828 0.1100
856 0.1100
1225 0.1200
1356 0.0200
1383 0.1500
1414 0.1300
FRAME t=424406.415 src=55324 n=2113 nz=25 seen=3 seen=1
23 0.2700
28 0.3100
42 0.9500
45 0.0700
48 0.0900
73 0.3500
77 0.6100
134 0.1400
197 0.0800
201 0.2200
372 0.5000
384 0.8400
402 0.5300
422 0.7800
455 0.4200
459 0.2800
486 0.0500
573 0.2700
619 0.0200
631 0.0600
828 0.0800
856 0.0800
1225 0.0900
1383 0.1200
1414 0.1000
FRAME t=424406.416 src=52523 n=2113 nz=30 seen=3 seen=1
23 0.2700
28 0.3100
42 0.9500
45 0.0700
48 0.0900
59 0.1200
73 0.3500
77 0.6100
107 0.7400
132 0.4400
197 0.0800
201 0.2200
302 0.1200
349 0.1500
375 0.4600
422 0.7800
455 0.4200
486 0.0500
573 0.2700
619 0.0200
621 0.4400
631 0.0600
657 0.4600
759 0.1400
828 0.0800
831 0.1500
856 0.0800
1225 0.0900
1383 0.1200
1414 0.1000
FRAME t=424406.477 src=52523 n=2113 nz=29 seen=3 seen=1
23 0.2400
28 0.2800
42 0.9200
45 0.0400
48 0.0600
59 0.0900
73 0.3200
77 0.5800
107 0.7100
132 0.4100
197 0.0500
201 0.1900
302 0.0900
349 0.1200
375 0.4300
422 0.7500
455 0.3900
486 0.0200
573 0.2400
621 0.4100
631 0.0300
657 0.4300
759 0.1100
828 0.0500
831 0.1200
856 0.0500
1225 0.0600
1383 0.0900
1414 0.0700
FRAME t=424406.478 src=55324 n=2113 nz=24 seen=3 seen=1
23 0.2400
28 0.2800
42 0.9200
45 0.0400
48 0.0600
73 0.3200
77 0.5800
134 0.1100
197 0.0500
201 0.1900
372 0.4700
384 0.8100
402 0.5000
422 0.7500
455 0.3900
459 0.2500
486 0.0200
573 0.2400
631 0.0300
828 0.0500
856 0.0500
1225 0.0600
1383 0.0900
1414 0.0700
FRAME t=424406.832 src=55324 n=2113 nz=17 seen=3 seen=1
23 0.0700
28 0.1100
42 0.7500
73 0.1500
77 0.4100
132 0.9200
201 0.0200
241 0.8600
372 0.3000
379 0.8700
384 0.6400
396 1.0000
402 0.3300
422 0.5800
455 0.2200
459 0.0800
573 0.0700
FRAME t=424406.834 src=52523 n=2113 nz=19 seen=3 seen=1
23 0.0700
28 0.1100
42 0.7500
63 0.9800
73 0.1500
77 0.4100
107 0.5400
132 0.9200
201 0.0200
241 0.8600
375 0.2600
379 0.8700
396 1.0000
422 0.5800
455 0.2200
474 0.9600
573 0.0700
621 0.2400
657 0.2600
FRAME t=424407.030 src=55324 n=2113 nz=15 seen=3 seen=1
28 0.0200
42 0.6600
73 0.0600
77 0.3200
132 0.8300
138 0.9600
146 0.9700
241 0.7700
372 0.2100
379 0.7800
384 0.5500
396 0.9100
402 0.2400
422 0.4900
455 0.1300
FRAME t=424407.499 src=55324 n=2113 nz=12 seen=3 seen=1
42 0.4400
77 0.1000
132 0.6100
138 0.7400
146 0.7500
241 0.5500
278 0.8100
379 0.5600
384 0.3300
396 0.6900
402 0.0200
422 0.2700
FRAME t=424407.562 src=55324 n=2113 nz=11 seen=3 seen=1
42 0.4100
77 0.0700
132 0.5800
138 0.7100
146 0.7200
241 0.5200
278 0.7800
379 0.5300
384 0.3000
396 0.6600
422 0.2400
FRAME t=424386.665 src=55324 n=5000 nz=8 seen=2 seen=1
3422 1.0000
3906 1.0000
4160 1.0000
4290 1.0000
4422 1.0000
4556 1.0000
4830 1.0000
4970 1.0000
FRAME t=424386.665 src=55324 n=5000 nz=21 seen=2 seen=1
140 1.0000
306 1.0000
470 1.0000
632 1.0000
792 1.0000
950 1.0000
1106 1.0000
1260 1.0000
1412 1.0000
1562 1.0000
1710 1.0000
1856 1.0000
2000 1.0000
2142 1.0000
2282 1.0000
2420 1.0000
2556 1.0000
3080 1.0000
3206 1.0000
3330 1.0000
4142 1.0000
FRAME t=424386.707 src=55324 n=5000 nz=37 seen=2 seen=1
140 1.0000
306 1.0000
470 1.0000
632 1.0000
792 1.0000
950 1.0000
1106 1.0000
1260 1.0000
1412 1.0000
1562 1.0000
1710 1.0000
1856 1.0000
2000 1.0000
2142 1.0000
2282 1.0000
2420 1.0000
2556 1.0000
2690 1.0000
2822 1.0000
2952 1.0000
3080 1.0000
3206 1.0000
3330 1.0000
3452 1.0000
3572 1.0000
3690 1.0000
3806 1.0000
3920 1.0000
4032 1.0000
4142 1.0000
4250 1.0000
4356 1.0000
4460 1.0000
4562 1.0000
4662 1.0000
4760 1.0000
4856 1.0000
FRAME t=424386.814 src=55324 n=2113 nz=28 seen=2 seen=1
42 1.0000
132 1.0000
220 0.9900
306 0.9900
390 1.0000
472 0.9800
552 1.0000
630 1.0000
706 0.9900
780 1.0000
852 1.0000
922 0.9900
990 1.0000
1056 0.9800
1120 0.9800
1182 1.0000
1242 0.9700
1300 0.9900
1462 1.0000
1512 1.0000
1560 0.9900
1650 1.0000
1732 0.9900
1770 0.9800
1872 1.0000
1956 0.9900
2082 1.0000
2112 0.9600
FRAME t=424386.814 src=52523 n=2113 nz=33 seen=2 seen=1
42 1.0000
132 1.0000
220 1.0000
306 1.0000
390 1.0000
472 1.0000
552 1.0000
630 0.9900
706 1.0000
780 0.9900
852 0.9800
922 1.0000
990 0.9900
1056 1.0000
1120 1.0000
1182 0.9700
1242 0.9800
1300 1.0000
1356 1.0000
1410 0.9900
1462 1.0000
1512 1.0000
1560 0.9800
1606 1.0000
1650 0.9700
1732 1.0000
1770 1.0000
1930 0.9800
1956 0.9600
1980 1.0000
2002 1.0000
2092 0.9900
2112 1.0000
FRAME t=424386.878 src=55324 n=2113 nz=35 seen=2 seen=1
42 1.0000
132 1.0000
220 1.0000
306 1.0000
390 1.0000
472 1.0000
552 0.9900
630 1.0000
706 0.9800
780 1.0000
852 1.0000
922 1.0000
990 0.9900
1056 0.9900
1120 0.9900
1182 1.0000
1242 0.9900
1300 1.0000
1356 1.0000
1410 1.0000
1462 0.9900
1512 0.9900
1560 0.9800
1606 1.0000
1650 0.9900
1732 1.0000
1770 0.9500
1840 0.9900
1872 0.9800
1902 1.0000
1930 1.0000
1956 0.9900
2082 0.9700
2106 1.0000
2112 1.0000
FRAME t=424386.919 src=52523 n=2113 nz=39 seen=2 seen=1
42 1.0000
132 1.0000
220 1.0000
306 0.9900
390 1.0000
472 1.0000
552 1.0000
630 0.9900
706 1.0000
780 1.0000
852 1.0000
922 1.0000
990 1.0000
1056 0.9900
1120 1.0000
1182 1.0000
1242 1.0000
1300 1.0000
1356 0.9900
1410 0.9900
1462 0.9900
1512 1.0000
1560 0.9300
1606 0.9800
1650 0.9900
1692 0.9900
1732 0.9900
1770 1.0000
1806 1.0000
1840 0.9700
1902 0.9800
1930 1.0000
1956 0.9100
1980 0.9700
2002 0.9500
2040 0.9900
2092 0.9900
2106 0.9800
2112 0.9800
FRAME t=424386.919 src=55324 n=2113 nz=36 seen=2 seen=1
42 1.0000
132 1.0000
220 1.0000
306 1.0000
390 1.0000
472 1.0000
552 1.0000
630 1.0000
706 0.9600
780 1.0000
852 0.9900
922 0.9900
990 1.0000
1056 1.0000
1120 0.9700
1182 1.0000
1242 1.0000
1300 1.0000
1356 1.0000
1410 0.9800
1462 0.9900
1512 1.0000
1560 0.9600
1606 0.9900
1650 0.9700
1732 0.9900
1770 0.9300
1840 0.9900
1872 1.0000
1902 0.9800
1930 0.9900
1956 0.9700
2056 1.0000
2082 0.9500
2106 0.9800
2112 1.0000
FRAME t=424386.960 src=52523 n=2113 nz=40 seen=2 seen=1
42 1.0000
132 1.0000
220 1.0000
306 1.0000
390 1.0000
472 0.9800
552 1.0000
630 1.0000
706 1.0000
780 1.0000
852 1.0000
922 0.9800
990 0.9800
1056 1.0000
1120 1.0000
1182 1.0000
1242 0.9900
1300 1.0000
1356 1.0000
1410 1.0000
1462 0.9700
1512 0.9800
1560 0.9900
1606 0.9900
1650 0.9700
1692 0.9700
1732 0.9700
1770 0.9800
1806 0.9800
1840 0.9500
1902 0.9900
1930 0.9800
1956 0.8900
1980 1.0000
2002 0.9300
2040 1.0000
2070 1.0000
2092 0.9700
2106 0.9600
2112 1.0000
FRAME t=424386.960 src=55324 n=2113 nz=39 seen=2 seen=1
42 1.0000
132 1.0000
220 1.0000
306 1.0000
390 1.0000
472 0.9800
552 1.0000
630 1.0000
706 1.0000
780 1.0000
852 1.0000
922 0.9700
990 0.9800
1056 1.0000
1120 1.0000
1182 1.0000
1242 0.9900
1300 1.0000
1356 1.0000
1410 1.0000
1462 0.9700
1512 0.9800
1560 0.9900
1606 0.9900
1650 0.9500
1732 0.9700
1770 0.9100
1840 0.9700
1872 0.9800
1902 0.9900
1930 0.9700
1956 0.9500
1980 1.0000
2040 1.0000
2056 0.9800
2070 1.0000
2082 0.9300
2106 0.9600
2112 1.0000
FRAME t=424387.002 src=55324 n=5000 nz=67 seen=2 seen=1
0 1.0000
6 0.9600
12 0.9400
20 0.9300
56 0.9500
72 0.8900
90 0.9600
110 0.9500
132 0.9700
156 0.9400
182 1.0000
240 0.9600
272 0.9900
306 0.8900
342 0.9700
380 0.9700
420 0.9700
462 0.9400
506 1.0000
552 0.9400
600 0.9200
650 1.0000
702 0.9700
756 0.9900
812 1.0000
870 0.9900
930 0.9900
992 0.9500
1056 1.0000
1122 0.9600
1190 0.9900
1260 1.0000
1332 0.9800
1406 1.0000
1482 0.9800
1560 1.0000
1640 1.0000
1722 1.0000
1806 0.9700
1892 0.9800
1980 1.0000
2070 1.0000
2162 1.0000
2256 1.0000
2352 1.0000
2450 1.0000
2550 1.0000
2652 1.0000
2756 1.0000
2862 1.0000
2970 1.0000
3080 1.0000
3192 1.0000
3306 1.0000
3422 1.0000
3540 1.0000
3660 1.0000
3782 1.0000
3906 1.0000
4032 1.0000
4160 1.0000
4290 1.0000
4422 1.0000
4556 1.0000
4692 1.0000
4830 1.0000
4970 1.0000
FRAME t=424389.686 src=52523 n=2113 nz=74 seen=2 seen=1
42 0.9900
132 0.9900
208 1.0000
214 1.0000
217 1.0000
220 0.9600
236 1.0000
306 0.9800
384 1.0000
389 1.0000
390 0.9800
394 1.0000
399 1.0000
400 1.0000
472 0.9900
552 0.9800
567 1.0000
621 1.0000
630 0.9900
632 1.0000
640 1.0000
696 1.0000
706 0.9900
775 1.0000
778 1.0000
780 0.9800
787 1.0000
829 1.0000
852 0.9700
922 0.9900
990 0.9900
991 1.0000
1007 1.0000
1043 1.0000
1056 0.9900
1064 1.0000
1077 1.0000
1117 1.0000
1120 0.9900
1182 0.9500
1242 0.9600
1300 0.9900
1356 0.9600
1410 0.8600
1429 1.0000
1462 0.9900
1512 0.9900
1560 0.9400
1606 0.9200
1642 1.0000
1650 0.9900
1692 0.9600
1732 0.9100
1770 0.9500
1806 0.9900
1840 0.9700
1872 0.8600
1902 0.9500
1929 1.0000
1930 0.9600
1953 1.0000
1956 0.9600
1980 0.9900
2002 0.9300
2022 0.7600
2040 0.8800
2056 0.9300
2070 0.7600
2082 0.5700
2092 0.9800
2100 0.8000
2106 0.5000
2110 0.6600
2112 0.9600
FRAME t=424389.707 src=55324 n=2113 nz=101 seen=2 seen=1
33 1.0000
42 0.9800
43 1.0000
51 1.0000
120 1.0000
122 1.0000
132 0.9800
145 1.0000
208 0.9900
214 0.9900
215 1.0000
216 1.0000
217 1.0000
220 0.9500
226 1.0000
236 0.9900
298 1.0000
304 1.0000
306 0.9700
384 0.9900
389 0.9900
390 0.9700
394 0.9900
399 0.9900
400 0.9900
403 1.0000
471 1.0000
472 0.9800
475 1.0000
483 1.0000
546 1.0000
550 1.0000
552 0.9700
567 0.9900
621 0.9900
626 1.0000
630 0.9800
632 0.9900
640 0.9900
696 0.9900
705 1.0000
706 0.9800
717 1.0000
775 0.9900
778 0.9900
780 0.9700
787 0.9900
829 0.9900
852 0.9600
922 0.9800
990 0.9800
991 0.9900
998 1.0000
1007 0.9900
1043 0.9900
1056 0.9800
1064 0.9900
1077 0.9900
1117 0.9900
1120 0.9800
1182 0.9400
1242 0.9500
1289 1.0000
1300 0.9800
1348 1.0000
1356 0.9500
1410 0.8700
1429 0.9900
1462 0.9800
1512 0.9800
1560 0.9300
1606 0.9100
1642 0.9900
1650 0.9800
1654 1.0000
1692 0.9500
1724 1.0000
1732 0.9000
1770 0.9400
1806 0.9800
1840 0.9600
1871 1.0000
1872 0.8900
1902 0.9400
1929 0.9900
1930 0.9500
1953 0.9900
1956 0.9500
1980 0.9800
1991 1.0000
2002 0.9200
2022 0.7600
2040 0.8700
2056 0.9200
2070 0.7600
2082 0.5600
2092 0.9700
2100 0.6500
2106 0.4900
2110 0.6500
2112 0.9500
FRAME t=424389.727 src=52523 n=2113 nz=111 seen=2 seen=1
33 0.9900
38 1.0000
42 0.9700
43 0.9900
51 0.9900
120 0.9900
122 0.9900
132 0.9700
145 0.9900
208 0.9800
214 0.9800
215 0.9900
216 0.9900
217 0.9900
220 0.9400
226 0.9900
236 0.9800
298 0.9900
304 0.9900
306 0.9600
384 0.9800
387 1.0000
389 0.9800
390 0.9600
394 0.9800
399 0.9800
400 0.9800
403 0.9900
471 0.9900
472 0.9700
475 0.9900
483 0.9900
546 0.9900
550 1.0000
552 0.9600
567 0.9800
621 0.9800
626 0.9900
630 0.9700
632 0.9800
640 0.9800
696 0.9800
705 0.9900
706 0.9700
717 0.9900
718 1.0000
775 0.9800
778 0.9800
780 0.9600
787 0.9800
829 0.9800
852 0.9500
922 0.9700
924 1.0000
926 1.0000
990 0.9700
991 0.9800
998 0.9900
1007 0.9800
1043 0.9800
1054 1.0000
1056 0.9700
1064 0.9800
1077 0.9800
1117 0.9800
1120 0.9700
1182 0.9300
1242 0.9400
1289 0.9900
1300 0.9700
1348 0.9900
1349 1.0000
1356 0.9400
1410 0.8400
1429 0.9800
1462 0.9700
1512 0.9700
1560 0.9200
1606 0.9000
1642 0.9800
1650 0.9700
1654 0.9900
1692 0.9400
1724 0.9900
1732 0.8900
1770 0.9300
1794 1.0000
1806 0.9700
1840 0.9500
1871 0.9900
1872 0.8400
1902 0.9300
1929 0.9800
1930 0.9400
1953 0.9800
1956 0.9400
1980 0.9700
1991 0.9900
2002 0.9100
2012 1.0000
2013 1.0000
2022 0.7400
2040 0.8600
2056 0.9100
2070 0.7400
2082 0.5500
2092 0.9600
2100 0.7800
2106 0.4800
2110 0.6400
2112 0.9400
FRAME t=424403.655 src=55324 n=2113 nz=114 seen=2 seen=1
18 0.4900
27 0.6700
29 0.7100
33 0.5100
35 0.8100
39 0.0900
40 0.5400
44 0.1800
45 0.5700
46 0.5300
52 0.0300
53 0.6000
57 0.2500
59 0.9700
60 0.5200
61 0.1800
79 0.0300
80 0.2200
104 0.6500
107 0.8400
113 0.7700
120 0.6800
130 0.5000
133 0.0300
135 0.2100
139 0.3400
143 0.8900
150 0.6200
176 0.3800
177 0.9700
181 0.0300
187 0.4500
201 0.0400
204 0.3700
211 0.5000
213 0.6400
217 0.2800
218 0.2900
222 0.9900
223 0.3900
226 0.8900
230 0.4800
235 0.0200
238 0.5300
264 0.5800
276 0.5800
282 0.5500
290 0.9600
291 0.7500
292 0.7500
299 0.6000
304 0.6100
313 0.0300
319 0.7600
320 0.0500
337 0.2200
345 0.2700
365 0.3800
371 0.0400
384 0.9300
389 0.7900
405 0.8200
421 0.2100
431 0.6500
451 0.2200
453 0.0300
458 0.1400
464 0.7800
480 0.1700
484 0.8000
487 0.8100
497 0.0500
532 0.5300
540 0.4200
556 0.5400
559 0.0300
605 0.7800
645 0.0100
652 0.1500
667 0.1900
670 0.4600
678 0.6400
715 0.4500
724 0.2300
757 1.0000
764 0.0400
769 0.5700
786 0.9900
816 0.2800
823 0.7100
834 0.5300
851 0.0400
855 0.4600
864 0.1200
902 0.0500
934 0.0900
937 0.2400
968 0.8300
1038 0.0800
1049 0.3600
1053 0.0500
1070 0.7100
1072 0.8100
1108 0.1000
1114 0.7700
1119 0.8300
1126 0.2300
1255 0.0400
1313 0.9000
1329 0.5600
1352 0.8200
1476 0.0400
1511 0.0400
1760 0.0200
FRAME t=424403.887 src=52523 n=2113 nz=85 seen=2 seen=1
12 0.1700
27 0.5600
29 0.6000
35 0.7000
40 0.4300
44 0.4200
53 0.4900
59 0.8600
60 0.4100
76 0.6700
104 0.5400
107 0.7300
113 0.6600
120 0.5700
126 0.8000
130 0.3900
135 0.1000
139 0.2300
143 0.7800
150 0.5100
161 0.7900
176 0.2700
177 0.8600
187 0.3400
189 0.0900
204 0.2600
213 0.5300
222 0.8800
223 0.9800
226 0.7800
238 0.4200
266 0.1700
282 0.4400
286 0.9900
287 0.5000
290 0.8500
291 0.6400
292 0.6400
299 0.4900
309 0.6900
319 0.6500
345 0.1600
365 0.2700
367 0.7700
375 0.6800
384 0.8200
386 0.0900
405 0.7100
408 0.9900
421 0.1000
431 0.5400
458 0.0300
487 0.7000
532 0.4200
540 0.3100
556 0.4300
568 0.2800
581 0.7700
593 0.1100
652 0.0400
670 0.3500
678 0.5300
715 0.3400
717 0.8400
724 0.1200
757 0.8900
777 0.9400
781 0.6900
786 0.8800
823 0.6000
834 0.4200
855 0.3500
864 0.0100
937 0.1300
968 0.7200
1049 0.2500
1070 0.6000
1072 0.7000
1078 0.1100
1114 0.6600
1119 0.7200
1126 0.1200
1313 0.7900
1329 0.4500
1352 0.7100
FRAME t=424403.888 src=55324 n=2113 nz=92 seen=2 seen=1
18 0.3800
27 0.5600
29 0.6000
33 0.4000
35 0.7000
40 0.4300
44 0.0700
45 0.4600
46 0.4200
53 0.4900
57 0.1400
59 0.8600
60 0.4100
61 0.0700
80 0.1100
104 0.5400
107 0.7300
113 0.6600
120 0.5700
130 0.3900
135 0.1000
139 0.2300
143 0.7800
150 0.5100
176 0.2700
177 0.8600
187 0.3400
204 0.2600
211 0.3900
213 0.5300
217 0.1700
218 0.1800
222 0.8800
223 0.9800
226 0.7800
230 0.3700
238 0.4200
264 0.4700
276 0.4700
282 0.4400
286 0.9900
290 0.8500
291 0.6400
292 0.6400
299 0.4900
304 0.5000
319 0.6500
337 0.1100
345 0.1600
365 0.2700
384 0.8200
389 0.6800
405 0.7100
408 0.9900
421 0.1000
431 0.5400
451 0.1100
458 0.0300
464 0.6700
480 0.0600
484 0.6900
487 0.7000
532 0.4200
540 0.3100
556 0.4300
605 0.6700
652 0.0400
667 0.0800
670 0.3500
678 0.5300
715 0.3400
724 0.1200
757 0.8900
769 0.4600
777 0.9400
786 0.8800
816 0.1700
823 0.6000
834 0.4200
855 0.3500
864 0.0100
937 0.1300
968 0.7200
1049 0.2500
1070 0.6000
1072 0.7000
1114 0.6600
1119 0.7200
1126 0.1200
1313 0.7900
1329 0.4500
1352 0.7100
FRAME t=424404.196 src=55324 n=2113 nz=87 seen=2 seen=1
18 0.2300
22 0.9500
27 0.4100
29 0.4500
33 0.2500
35 0.5500
40 0.2800
45 0.3100
46 0.2700
53 0.3400
59 0.9200
60 0.2600
104 0.3900
107 0.5800
113 0.5100
119 0.9700
120 0.4200
130 0.2400
139 0.0800
143 0.6300
150 0.3600
176 0.1200
177 0.7100
187 0.1900
204 0.1100
211 0.2400
213 0.3800
217 0.0200
218 0.0300
222 0.7300
223 0.8300
226 0.6300
229 0.9300
230 0.2200
238 0.2700
246 0.9700
264 0.3200
276 0.3200
280 0.9200
282 0.2900
286 0.8400
290 0.7000
291 0.4900
292 0.4900
299 0.3400
304 0.3500
319 0.5000
345 0.0100
365 0.1200
381 0.8800
384 0.6700
389 1.0000
405 0.5600
408 0.8400
431 0.3900
441 0.9800
450 0.8800
464 0.5200
484 0.5400
487 0.5500
532 0.2700
540 0.1600
556 0.2800
605 0.5200
670 0.2000
678 0.3800
715 0.1900
757 0.7400
762 0.9500
769 0.3100
777 0.7900
786 0.7300
816 0.0200
823 0.4500
834 0.2700
855 0.2000
968 0.5700
1049 0.1000
1050 0.9200
1070 0.4500
1072 0.5500
1114 0.5100
1119 0.5700
1313 0.6400
1329 0.3000
1352 0.5600
1487 0.8800
FRAME t=424404.198 src=52523 n=2113 nz=87 seen=2 seen=1
1 0.9500
12 0.0200
19 0.9400
27 0.4100
29 0.4500
35 0.5500
40 0.2800
44 0.2700
53 0.3400
59 0.9200
60 0.2600
76 0.5200
104 0.3900
107 0.5800
113 0.5100
119 0.9700
120 0.4200
126 0.6500
130 0.2400
139 0.0800
143 0.6300
150 0.3600
161 0.6400
176 0.1200
177 0.7100
187 0.1900
204 0.1100
213 0.3800
222 0.7300
223 0.8300
226 0.6300
229 0.9300
238 0.2700
246 0.9700
266 0.0200
280 0.9200
282 0.2900
286 0.8400
287 0.3500
290 0.7000
291 0.4900
292 0.4900
299 0.3400
309 0.5400
319 0.5000
345 0.0100
365 0.1200
367 0.6200
375 0.5300
381 0.8800
384 0.6700
389 1.0000
405 0.5600
408 0.8400
431 0.3900
441 0.9800
450 0.8800
487 0.5500
532 0.2700
540 0.1600
556 0.2800
568 0.1300
581 0.6200
628 0.9400
670 0.2000
678 0.3800
715 0.1900
717 0.6900
757 0.7400
777 0.7900
781 0.5400
786 0.7300
823 0.4500
834 0.2700
855 0.2000
968 0.5700
1049 0.1000
1050 0.9200
1070 0.4500
1072 0.5500
1114 0.5100
1119 0.5700
1290 0.9500
1313 0.6400
1329 0.3000
1352 0.5600
1487 0.8800
FRAME t=424404.260 src=52523 n=2113 nz=84 seen=2 seen=1
1 0.9200
19 0.9100
27 0.3800
29 0.4200
35 0.5200
40 0.2500
44 0.2400
53 0.3100
59 0.8900
60 0.2300
76 0.4900
104 0.3600
107 0.5500
113 0.4800
119 0.9400
120 0.3900
126 0.6200
130 0.2100
139 0.9900
143 0.6000
150 0.3300
161 0.6100
176 0.0900
177 0.6800
187 0.1600
204 0.0800
213 0.3500
222 0.7000
223 0.8000
226 0.6000
229 0.9000
238 0.2400
246 0.9400
280 0.8900
282 0.2600
286 0.8100
287 0.3200
290 0.6700
291 0.4600
292 0.4600
299 0.3100
309 0.5100
319 0.4700
365 0.0900
367 0.5900
375 0.5000
381 0.8500
384 0.6400
389 0.9700
405 0.5300
408 0.8100
431 0.3600
441 0.9500
450 0.8500
487 0.5200
532 0.2400
540 0.1300
556 0.2500
568 0.1000
581 0.5900
628 0.9100
670 0.1700
678 0.3500
715 0.1600
717 0.6600
757 0.7100
777 0.7600
781 0.5100
786 0.7000
823 0.4200
834 0.2400
855 0.1700
968 0.5400
1049 0.0700
1050 0.8900
1070 0.4200
1072 0.5200
1114 0.4800
1119 0.5400
1290 0.9200
1313 0.6100
1329 0.2700
1352 0.5300
1487 0.8500
FRAME t=424404.575 src=55324 n=2113 nz=91 seen=2 seen=1
18 0.0500
21 0.8700
22 0.7700
27 0.2300
29 0.2700
33 0.0700
35 0.3700
40 0.1000
45 0.9500
46 0.0900
48 0.9700
53 0.1600
59 0.7400
60 0.0800
104 0.2100
107 0.4000
113 0.3300
119 0.7900
120 0.2400
130 0.0600
139 0.8400
143 0.4500
148 0.8700
150 0.1800
177 0.5300
187 0.0100
197 0.9600
211 0.0600
213 0.2000
222 0.5500
223 0.6500
226 0.4500
229 0.7500
230 0.0400
238 0.0900
246 0.7900
264 0.1400
276 0.1400
280 0.7400
282 0.1100
286 0.6600
290 0.5200
291 0.3100
292 0.3100
299 0.1600
304 0.1700
319 0.3200
381 0.7000
384 0.4900
389 0.8200
405 0.3800
408 0.6600
431 0.2100
441 0.8000
450 0.7000
464 0.3400
484 0.3600
486 0.9300
487 0.3700
532 0.0900
556 0.1000
605 0.3400
619 0.9000
631 0.9400
670 0.0200
678 0.2000
715 0.0100
757 0.5600
762 0.7700
769 0.1300
777 0.6100
786 0.5500
823 0.2700
828 0.9600
834 0.0900
855 0.0200
856 0.9600
968 0.3900
1050 0.7400
1070 0.2700
1072 0.3700
1114 0.3300
1119 0.3900
1225 0.9700
1313 0.4600
1329 0.1200
1352 0.3800
1356 0.8700
1383 1.0000
1414 0.9800
1487 0.7000
FRAME t=424404.577 src=52523 n=2113 nz=93 seen=2 seen=1
1 0.7700
19 0.7600
21 0.8700
27 0.2300
29 0.2700
35 0.3700
40 0.1000
44 0.0900
45 0.9500
48 0.9700
53 0.1600
59 1.0000
60 0.0800
76 0.3400
104 0.2100
107 0.4000
113 0.3300
119 0.7900
120 0.2400
126 0.4700
130 0.0600
139 0.8400
143 0.4500
148 0.8700
150 0.1800
161 0.4600
177 0.5300
187 0.0100
197 0.9600
213 0.2000
222 0.5500
223 0.6500
226 0.4500
229 0.7500
238 0.0900
246 0.7900
280 0.7400
282 0.1100
286 0.6600
287 0.1700
290 0.5200
291 0.3100
292 0.3100
299 0.1600
302 1.0000
309 0.3600
319 0.3200
367 0.4400
375 0.3500
381 0.7000
384 0.4900
389 0.8200
405 0.3800
408 0.6600
431 0.2100
441 0.8000
450 0.7000
486 0.9300
487 0.3700
532 0.0900
556 0.1000
581 0.4400
619 0.9000
628 0.7600
631 0.9400
670 0.0200
678 0.2000
715 0.0100
717 0.5100
757 0.5600
777 0.6100
781 0.3600
786 0.5500
823 0.2700
828 0.9600
834 0.0900
855 0.0200
856 0.9600
968 0.3900
1050 0.7400
1070 0.2700
1072 0.3700
1114 0.3300
1119 0.3900
1225 0.9700
1290 0.7700
1313 0.4600
1329 0.1200
1352 0.3800
1356 0.8700
1383 1.0000
1414 0.9800
1487 0.7000
FRAME t=424404.641 src=55324 n=2113 nz=88 seen=2 seen=1
18 0.0200
21 0.8400
22 0.7400
27 0.2000
29 0.2400
33 0.0400
35 0.3400
40 0.0700
45 0.9200
46 0.0600
48 0.9400
53 0.1300
59 0.7100
60 0.0500
104 0.1800
107 0.3700
113 0.3000
119 0.7600
120 0.2100
130 0.0300
134 0.9900
139 0.8100
143 0.4200
148 0.8400
150 0.1500
177 0.5000
197 0.9300
211 0.0300
213 0.1700
222 0.5200
223 0.6200
226 0.4200
229 0.7200
230 0.0100
238 0.0600
246 0.7600
264 0.1100
276 0.1100
280 0.7100
282 0.0800
286 0.6300
290 0.4900
291 0.2800
292 0.2800
299 0.1300
304 0.1400
319 0.2900
381 0.6700
384 0.4600
389 0.7900
405 0.3500
408 0.6300
431 0.1800
441 0.7700
450 0.6700
464 0.3100
484 0.3300
486 0.9000
487 0.3400
532 0.0600
556 0.0700
605 0.3100
619 0.8700
631 0.9100
678 0.1700
757 0.5300
762 0.7400
769 0.1000
777 0.5800
786 0.5200
823 0.2400
828 0.9300
834 0.0600
856 0.9300
968 0.3600
1050 0.7100
1070 0.2400
1072 0.3400
1114 0.3000
1119 0.3600
1225 0.9400
1313 0.4300
1329 0.0900
1352 0.3500
1356 0.8400
1383 0.9700
1414 0.9500
1487 0.6700
FRAME t=424404.720 src=52523 n=2113 nz=91 seen=2 seen=1
1 0.7000
19 0.6900
21 0.8000
27 0.1600
29 0.2000
35 0.3000
40 0.0300
44 0.0200
45 0.8800
48 0.9000
53 0.0900
59 0.9300
60 0.0100
76 0.2700
104 0.1400
107 0.3300
113 0.2600
119 0.7200
120 0.1700
126 0.4000
139 0.7700
143 0.3800
148 0.8000
150 0.1100
161 0.3900
177 0.4600
197 0.8900
213 0.1300
222 0.4800
223 0.5800
226 0.3800
229 0.6800
238 0.0200
246 0.7200
280 0.6700
282 0.0400
286 0.5900
287 0.1000
290 0.4500
291 0.2400
292 0.2400
299 0.0900
302 0.9300
309 0.2900
319 0.2500
349 0.9600
367 0.3700
375 0.2800
381 0.6300
384 0.4200
389 0.7500
405 0.3100
408 0.5900
431 0.1400
441 0.7300
450 0.6300
486 0.8600
487 0.3000
532 0.0200
556 0.0300
581 0.3700
619 0.8300
628 0.6900
631 0.8700
678 0.1300
717 0.4400
757 0.4900
759 0.9500
777 0.5400
781 0.2900
786 0.4800
823 0.2000
828 0.8900
831 0.9600
834 0.0200
856 0.8900
968 0.3200
1050 0.6700
1070 0.2000
1072 0.3000
1114 0.2600
1119 0.3200
1225 0.9000
1290 0.7000
1313 0.3900
1329 0.0500
1352 0.3100
1356 0.8000
1383 0.9300
1414 0.9100
1487 0.6300
FRAME t=424404.844 src=52523 n=2113 nz=83 seen=2 seen=1
1 0.6400
19 0.6300
21 0.7400
27 0.1000
29 0.1400
35 0.2400
45 0.8200
48 0.8400
53 0.0300
59 0.8700
76 0.2100
104 0.0800
107 0.2700
113 0.2000
119 0.6600
120 0.1100
126 0.3400
139 0.7100
143 0.3200
148 0.7400
150 0.0500
161 0.3300
177 0.4000
197 0.8300
201 0.9700
213 0.0700
222 0.4200
223 0.5200
226 0.3200
229 0.6200
246 0.6600
280 0.6100
286 0.5300
287 0.0400
290 0.3900
291 0.1800
292 0.1800
299 0.0300
302 0.8700
309 0.2300
319 0.1900
349 0.9000
367 0.3100
375 0.2200
381 0.5700
384 0.3600
389 0.6900
405 0.2500
408 0.5300
431 0.0800
441 0.6700
450 0.5700
486 0.8000
487 0.2400
581 0.3100
619 0.7700
628 0.6300
631 0.8100
678 0.0700
717 0.3800
757 0.4300
759 0.8900
777 0.4800
781 0.2300
786 0.4200
823 0.1400
828 0.8300
831 0.9000
856 0.8300
968 0.2600
1050 0.6100
1070 0.1400
1072 0.2400
1114 0.2000
1119 0.2600
1225 0.8400
1290 0.6400
1313 0.3300
1352 0.2500
1356 0.7400
1383 0.8700
1414 0.8500
1487 0.5700
FRAME t=424404.885 src=52523 n=2113 nz=85 seen=2 seen=1
1 0.6200
19 0.6100
21 0.7200
23 1.0000
27 0.0800
29 0.1200
35 0.2200
45 0.8000
48 0.8200
53 0.0100
59 0.8500
76 0.1900
104 0.0600
107 0.2500
113 0.1800
119 0.6400
120 0.0900
126 0.3200
139 0.6900
143 0.3000
148 0.7200
150 0.0300
161 0.3100
177 0.3800
197 0.8100
201 0.9500
213 0.0500
222 0.4000
223 0.5000
226 0.3000
229 0.6000
246 0.6400
280 0.5900
286 0.5100
287 0.0200
290 0.3700
291 0.1600
292 0.1600
299 0.0100
302 0.8500
309 0.2100
319 0.1700
349 0.8800
367 0.2900
375 0.2000
381 0.5500
384 0.3400
389 0.6700
405 0.2300
408 0.5100
431 0.0600
441 0.6500
450 0.5500
486 0.7800
487 0.2200
573 1.0000
581 0.2900
619 0.7500
628 0.6100
631 0.7900
678 0.0500
717 0.3600
757 0.4100
759 0.8700
777 0.4600
781 0.2100
786 0.4000
823 0.1200
828 0.8100
831 0.8800
856 0.8100
968 0.2400
1050 0.5900
1070 0.1200
1072 0.2200
1114 0.1800
1119 0.2400
1225 0.8200
1290 0.6200
1313 0.3100
1352 0.2300
1356 0.7200
1383 0.8500
1414 0.8300
1487 0.5500
FRAME t=424404.967 src=52523 n=2113 nz=82 seen=2 seen=1
1 0.5800
19 0.5700
21 0.6800
23 0.9600
27 0.0400
28 1.0000
29 0.0800
35 0.1800
45 0.7600
48 0.7800
59 0.8100
76 0.1500
104 0.0200
107 0.2100
113 0.1400
119 0.6000
120 0.0500
126 0.2800
139 0.6500
143 0.2600
148 0.6800
161 0.2700
177 0.3400
197 0.7700
201 0.9100
213 0.0100
222 0.3600
223 0.4600
226 0.2600
229 0.5600
246 0.6000
280 0.5500
286 0.4700
290 0.3300
291 0.1200
292 0.1200
302 0.8100
309 0.1700
319 0.1300
349 0.8400
367 0.2500
375 0.1600
381 0.5100
384 0.3000
389 0.6300
405 0.1900
408 0.4700
431 0.0200
441 0.6100
450 0.5100
486 0.7400
487 0.1800
573 0.9600
581 0.2500
619 0.7100
628 0.5700
631 0.7500
678 0.0100
717 0.3200
757 0.3700
759 0.8300
777 0.4200
781 0.1700
786 0.3600
823 0.0800
828 0.7700
831 0.8400
856 0.7700
968 0.2000
1050 0.5500
1070 0.0800
1072 0.1800
1114 0.1400
1119 0.2000
1225 0.7800
1290 0.5800
1313 0.2700
1352 0.1900
1356 0.6800
1383 0.8100
1414 0.7900
1487 0.5100
FRAME t=424404.968 src=55324 n=2113 nz=72 seen=2 seen=1
21 0.6800
22 0.5800
23 0.9600
27 0.0400
28 1.0000
29 0.0800
35 0.1800
45 0.7600
48 0.7800
59 0.5500
104 0.0200
107 0.2100
113 0.1400
119 0.6000
120 0.0500
134 0.8300
139 0.6500
143 0.2600
148 0.6800
177 0.3400
197 0.7700
201 0.9100
213 0.0100
222 0.3600
223 0.4600
226 0.2600
229 0.5600
246 0.6000
280 0.5500
286 0.4700
290 0.3300
291 0.1200
292 0.1200
319 0.1300
381 0.5100
384 0.3000
389 0.6300
405 0.1900
408 0.4700
431 0.0200
441 0.6100
450 0.5100
459 0.9700
464 0.1500
484 0.1700
486 0.7400
487 0.1800
573 0.9600
605 0.1500
619 0.7100
631 0.7500
678 0.0100
757 0.3700
762 0.5800
777 0.4200
786 0.3600
823 0.0800
828 0.7700
856 0.7700
968 0.2000
1050 0.5500
1070 0.0800
1072 0.1800
1114 0.1400
1119 0.2000
1225 0.7800
1313 0.2700
1352 0.1900
1356 0.6800
1383 0.8100
1414 0.7900
1487 0.5100
FRAME t=424405.153 src=55324 n=2113 nz=64 seen=2 seen=1
21 0.5900
22 0.4900
23 0.8700
28 0.9100
35 0.0900
45 0.6700
48 0.6900
59 0.4600
73 0.9500
107 0.1200
113 0.0500
119 0.5100
134 0.7400
139 0.5600
143 0.1700
148 0.5900
177 0.2500
197 0.6800
201 0.8200
222 0.2700
223 0.3700
226 0.1700
229 0.4700
246 0.5100
280 0.4600
286 0.3800
290 0.2400
291 0.0300
292 0.0300
319 0.0400
381 0.4200
384 0.2100
389 0.5400
405 0.1000
408 0.3800
441 0.5200
450 0.4200
459 0.8800
464 0.0600
484 0.0800
486 0.6500
487 0.0900
573 0.8700
605 0.0600
619 0.6200
631 0.6600
757 0.2800
762 0.4900
777 0.3300
786 0.2700
828 0.6800
856 0.6800
968 0.1100
1050 0.4600
1072 0.0900
1114 0.0500
1119 0.1100
1225 0.6900
1313 0.1800
1352 0.1000
1356 0.5900
1383 0.7200
1414 0.7000
1487 0.4200
FRAME t=424405.154 src=52523 n=2113 nz=74 seen=2 seen=1
1 0.4900
19 0.4800
21 0.5900
23 0.8700
28 0.9100
35 0.0900
45 0.6700
48 0.6900
59 0.7200
73 0.9500
76 0.0600
107 0.1200
113 0.0500
119 0.5100
126 0.1900
139 0.5600
143 0.1700
148 0.5900
161 0.1800
177 0.2500
197 0.6800
201 0.8200
222 0.2700
223 0.3700
226 0.1700
229 0.4700
246 0.5100
280 0.4600
286 0.3800
290 0.2400
291 0.0300
292 0.0300
302 0.7200
309 0.0800
319 0.0400
349 0.7500
367 0.1600
375 0.0700
381 0.4200
384 0.2100
389 0.5400
405 0.1000
408 0.3800
441 0.5200
450 0.4200
486 0.6500
487 0.0900
573 0.8700
581 0.1600
619 0.6200
628 0.4800
631 0.6600
717 0.2300
757 0.2800
759 0.7400
777 0.3300
781 0.0800
786 0.2700
828 0.6800
831 0.7500
856 0.6800
968 0.1100
1050 0.4600
1072 0.0900
1114 0.0500
1119 0.1100
1225 0.6900
1290 0.4900
1313 0.1800
1352 0.1000
1356 0.5900
1383 0.7200
1414 0.7000
1487 0.4200
FRAME t=424405.194 src=55324 n=2113 nz=65 seen=2 seen=1
21 0.5700
22 0.4700
23 0.8500
28 0.8900
35 0.0700
45 0.6500
48 0.6700
59 0.4400
73 0.9300
107 0.1000
113 0.0300
119 0.4900
134 0.7200
139 0.5400
143 0.1500
148 0.5700
177 0.2300
197 0.6600
201 0.8000
222 0.2500
223 0.3500
226 0.1500
229 0.4500
246 0.4900
280 0.4400
286 0.3600
290 0.2200
291 0.0100
292 0.0100
319 0.0200
381 0.4000
384 0.1900
389 0.5200
405 0.0800
408 0.3600
441 0.5000
450 0.4000
455 1.0000
459 0.8600
464 0.0400
484 0.0600
486 0.6300
487 0.0700
573 0.8500
605 0.0400
619 0.6000
631 0.6400
757 0.2600
762 0.4700
777 0.3100
786 0.2500
828 0.6600
856 0.6600
968 0.0900
1050 0.4400
1072 0.0700
1114 0.0300
1119 0.0900
1225 0.6700
1313 0.1600
1352 0.0800
1356 0.5700
1383 0.7000
1414 0.6800
1487 0.4000
FRAME t=424405.196 src=52523 n=2113 nz=75 seen=2 seen=1
1 0.4700
19 0.4600
21 0.5700
23 0.8500
28 0.8900
35 0.0700
45 0.6500
48 0.6700
59 0.7000
73 0.9300
76 0.0400
107 0.1000
113 0.0300
119 0.4900
126 0.1700
139 0.5400
143 0.1500
148 0.5700
161 0.1600
177 0.2300
197 0.6600
201 0.8000
222 0.2500
223 0.3500
226 0.1500
229 0.4500
246 0.4900
280 0.4400
286 0.3600
290 0.2200
291 0.0100
292 0.0100
302 0.7000
309 0.0600
319 0.0200
349 0.7300
367 0.1400
375 0.0500
381 0.4000
384 0.1900
389 0.5200
405 0.0800
408 0.3600
441 0.5000
450 0.4000
455 1.0000
486 0.6300
487 0.0700
573 0.8500
581 0.1400
619 0.6000
628 0.4600
631 0.6400
717 0.2100
757 0.2600
759 0.7200
777 0.3100
781 0.0600
786 0.2500
828 0.6600
831 0.7300
856 0.6600
968 0.0900
1050 0.4400
1072 0.0700
1114 0.0300
1119 0.0900
1225 0.6700
1290 0.4700
1313 0.1600
1352 0.0800
1356 0.5700
1383 0.7000
1414 0.6800
1487 0.4000
FRAME t=424405.298 src=52523 n=2113 nz=72 seen=2 seen=1
1 0.4200
19 0.4100
21 0.5200
23 0.8000
28 0.8400
35 0.0200
45 0.6000
48 0.6200
59 0.6500
73 0.8800
107 0.0500
119 0.4400
126 0.1200
132 0.9700
139 0.4900
143 0.1000
148 0.5200
161 0.1100
177 0.1800
197 0.6100
201 0.7500
222 0.2000
223 0.3000
226 0.1000
229 0.4000
246 0.4400
280 0.3900
286 0.3100
290 0.1700
302 0.6500
309 0.0100
349 0.6800
367 0.0900
375 0.9900
381 0.3500
384 0.1400
389 0.4700
405 0.0300
408 0.3100
441 0.4500
450 0.3500
455 0.9500
486 0.5800
487 0.0200
573 0.8000
581 0.0900
619 0.5500
621 0.9700
628 0.4100
631 0.5900
657 0.9900
717 0.1600
757 0.2100
759 0.6700
777 0.2600
781 0.0100
786 0.2000
828 0.6100
831 0.6800
856 0.6100
968 0.0400
1050 0.3900
1072 0.0200
1119 0.0400
1225 0.6200
1290 0.4200
1313 0.1100
1352 0.0300
1356 0.5200
1383 0.6500
1414 0.6300
1487 0.3500
FRAME t=424405.300 src=55324 n=2113 nz=58 seen=2 seen=1
21 0.5200
22 0.4200
23 0.8000
28 0.8400
35 0.0200
45 0.6000
48 0.6200
59 0.3900
73 0.8800
107 0.0500
119 0.4400
134 0.6700
139 0.4900
143 0.1000
148 0.5200
177 0.1800
197 0.6100
201 0.7500
222 0.2000
223 0.3000
226 0.1000
229 0.4000
246 0.4400
280 0.3900
286 0.3100
290 0.1700
381 0.3500
384 0.1400
389 0.4700
405 0.0300
408 0.3100
441 0.4500
450 0.3500
455 0.9500
459 0.8100
484 0.0100
486 0.5800
487 0.0200
573 0.8000
619 0.5500
631 0.5900
757 0.2100
762 0.4200
777 0.2600
786 0.2000
828 0.6100
856 0.6100
968 0.0400
1050 0.3900
1072 0.0200
1119 0.0400
1225 0.6200
1313 0.1100
1352 0.0300
1356 0.5200
1383 0.6500
1414 0.6300
1487 0.3500
FRAME t=424405.552 src=55324 n=2113 nz=48 seen=2 seen=1
21 0.4000
22 0.3000
23 0.6800
28 0.7200
45 0.4800
48 0.5000
59 0.2700
73 0.7600
119 0.3200
134 0.5500
139 0.3700
148 0.4000
177 0.0600
197 0.4900
201 0.6300
222 0.0800
223 0.1800
229 0.2800
246 0.3200
280 0.2700
286 0.1900
290 0.0500
372 0.9100
381 0.2300
384 0.0200
389 0.3500
402 0.9400
408 0.1900
441 0.3300
450 0.2300
455 0.8300
459 0.6900
486 0.4600
573 0.6800
619 0.4300
631 0.4700
757 0.0900
762 0.3000
777 0.1400
786 0.0800
828 0.4900
856 0.4900
1050 0.2700
1225 0.5000
1356 0.4000
1383 0.5300
1414 0.5100
1487 0.2300
FRAME t=424405.614 src=52523 n=2113 nz=55 seen=2 seen=1
1 0.2700
19 0.2600
21 0.3700
23 0.6500
28 0.6900
45 0.4500
48 0.4700
59 0.5000
73 0.7300
77 0.9900
119 0.2900
132 0.8200
139 0.3400
148 0.3700
177 0.0300
197 0.4600
201 0.6000
222 0.0500
223 0.1500
229 0.2500
246 0.2900
280 0.2400
286 0.1600
290 0.0200
302 0.5000
349 0.5300
375 0.8400
381 0.2000
389 0.3200
408 0.1600
441 0.3000
450 0.2000
455 0.8000
486 0.4300
573 0.6500
619 0.4000
621 0.8200
628 0.2600
631 0.4400
657 0.8400
717 0.0100
757 0.0600
759 0.5200
777 0.1100
786 0.0500
828 0.4600
831 0.5300
856 0.4600
1050 0.2400
1225 0.4700
1290 0.2700
1356 0.3700
1383 0.5000
1414 0.4800
1487 0.2000
FRAME t=424405.697 src=55324 n=2113 nz=46 seen=2 seen=1
21 0.3300
22 0.2300
23 0.6100
28 0.6500
45 0.4100
48 0.4300
59 0.2000
73 0.6900
77 0.9500
119 0.2500
134 0.4800
139 0.3000
148 0.3300
197 0.4200
201 0.5600
222 0.0100
223 0.1100
229 0.2100
246 0.2500
280 0.2000
286 0.1200
372 0.8400
381 0.1600
389 0.2800
402 0.8700
408 0.1200
441 0.2600
450 0.1600
455 0.7600
459 0.6200
486 0.3900
573 0.6100
619 0.3600
631 0.4000
757 0.0200
762 0.2300
777 0.0700
786 0.0100
828 0.4200
856 0.4200
1050 0.2000
1225 0.4300
1356 0.3300
1383 0.4600
1414 0.4400
1487 0.1600
FRAME t=424405.698 src=52523 n=2113 nz=52 seen=2 seen=1
1 0.2300
19 0.2200
21 0.3300
23 0.6100
28 0.6500
45 0.4100
48 0.4300
59 0.4600
73 0.6900
77 0.9500
119 0.2500
132 0.7800
139 0.3000
148 0.3300
197 0.4200
201 0.5600
222 0.0100
223 0.1100
229 0.2100
246 0.2500
280 0.2000
286 0.1200
302 0.4600
349 0.4900
375 0.8000
381 0.1600
389 0.2800
408 0.1200
441 0.2600
450 0.1600
455 0.7600
486 0.3900
573 0.6100
619 0.3600
621 0.7800
628 0.2200
631 0.4000
657 0.8000
757 0.0200
759 0.4800
777 0.0700
786 0.0100
828 0.4200
831 0.4900
856 0.4200
1050 0.2000
1225 0.4300
1290 0.2300
1356 0.3300
1383 0.4600
1414 0.4400
1487 0.1600
FRAME t=424406.161 src=55324 n=2113 nz=34 seen=2 seen=1
21 0.1100
22 0.0100
23 0.3900
28 0.4300
45 0.1900
48 0.2100
73 0.4700
77 0.7300
119 0.0300
134 0.2600
139 0.0800
148 0.1100
197 0.2000
201 0.3400
246 0.0300
372 0.6200
384 0.9600
389 0.0600
402 0.6500
422 0.9000
441 0.0400
455 0.5400
459 0.4000
486 0.1700
573 0.3900
619 0.1400
631 0.1800
762 0.0100
828 0.2000
856 0.2000
1225 0.2100
1356 0.1100
1383 0.2400
1414 0.2200
FRAME t=424406.203 src=55324 n=2113 nz=32 seen=2 seen=1
21 0.0900
23 0.3700
28 0.4100
45 0.1700
48 0.1900
73 0.4500
77 0.7100
119 0.0100
134 0.2400
139 0.0600
148 0.0900
197 0.1800
201 0.3200
246 0.0100
372 0.6000
384 0.9400
389 0.0400
402 0.6300
422 0.8800
441 0.0200
455 0.5200
459 0.3800
486 0.1500
573 0.3700
619 0.1200
631 0.1600
828 0.1800
856 0.1800
1225 0.1900
1356 0.0900
1383 0.2200
1414 0.2000
FRAME t=424406.204 src=52523 n=2113 nz=37 seen=2 seen=1
21 0.0900
23 0.3700
28 0.4100
45 0.1700
48 0.1900
59 0.2200
73 0.4500
77 0.7100
107 0.8400
119 0.0100
132 0.5400
139 0.0600
148 0.0900
197 0.1800
201 0.3200
246 0.0100
302 0.2200
349 0.2500
375 0.5600
389 0.0400
422 0.8800
441 0.0200
455 0.5200
486 0.1500
573 0.3700
619 0.1200
621 0.5400
631 0.1600
657 0.5600
759 0.2400
828 0.1800
831 0.2500
856 0.1800
1225 0.1900
1356 0.0900
1383 0.2200
1414 0.2000
FRAME t=424406.265 src=52523 n=2113 nz=34 seen=2 seen=1
21 0.0600
23 0.3400
28 0.3800
45 0.1400
48 0.1600
59 0.1900
73 0.4200
77 0.6800
107 0.8100
132 0.5100
139 0.0300
148 0.0600
197 0.1500
201 0.2900
302 0.1900
349 0.2200
375 0.5300
389 0.0100
422 0.8500
455 0.4900
486 0.1200
573 0.3400
619 0.0900
621 0.5100
631 0.1300
657 0.5300
759 0.2100
828 0.1500
831 0.2200
856 0.1500
1225 0.1600
1356 0.0600
1383 0.1900
1414 0.1700
FRAME t=424406.266 src=55324 n=2113 nz=29 seen=2 seen=1
21 0.0600
23 0.3400
28 0.3800
45 0.1400
48 0.1600
73 0.4200
77 0.6800
134 0.2100
139 0.0300
148 0.0600
197 0.1500
201 0.2900
372 0.5700
384 0.9100
389 0.0100
402 0.6000
422 0.8500
455 0.4900
459 0.3500
486 0.1200
573 0.3400
619 0.0900
631 0.1300
828 0.1500
856 0.1500
1225 0.1600
1356 0.0600
1383 0.1900
1414 0.1700
FRAME t=424406.308 src=52523 n=2113 nz=34 seen=2 seen=1
21 0.0400
23 0.3200
28 0.3600
42 1.0000
45 0.1200
48 0.1400
59 0.1700
73 0.4000
77 0.6600
107 0.7900
132 0.4900
139 0.0100
148 0.0400
197 0.1300
201 0.2700
302 0.1700
349 0.2000
375 0.5100
422 0.8300
455 0.4700
486 0.1000
573 0.3200
619 0.0700
621 0.4900
631 0.1100
657 0.5100
759 0.1900
828 0.1300
831 0.2000
856 0.1300
1225 0.1400
1356 0.0400
1383 0.1700
1414 0.1500
FRAME t=424406.309 src=55324 n=2113 nz=29 seen=2 seen=1
21 0.0400
23 0.3200
28 0.3600
42 1.0000
45 0.1200
48 0.1400
73 0.4000
77 0.6600
134 0.1900
139 0.0100
148 0.0400
197 0.1300
201 0.2700
372 0.5500
384 0.8900
402 0.5800
422 0.8300
455 0.4700
459 0.3300
486 0.1000
573 0.3200
619 0.0700
631 0.1100
828 0.1300
856 0.1300
1225 0.1400
1356 0.0400
1383 0.1700
1414 0.1500
FRAME t=424406.643 src=52523 n=2113 nz=22 seen=2 seen=1
23 0.1600
28 0.2000
42 0.8400
59 0.0100
73 0.2400
77 0.5000
107 0.6300
132 0.3300
201 0.1100
241 0.9500
302 0.0100
349 0.0400
375 0.3500
379 0.9600
422 0.6700
455 0.3100
573 0.1600
621 0.3300
657 0.3500
759 0.0300
831 0.0400
1383 0.0100
FRAME t=424406.685 src=52523 n=2113 nz=19 seen=2 seen=1
23 0.1400
28 0.1800
42 0.8200
73 0.2200
77 0.4800
107 0.6100
132 0.9900
201 0.0900
241 0.9300
349 0.0200
375 0.3300
379 0.9400
422 0.6500
455 0.2900
573 0.1400
621 0.3100
657 0.3300
759 0.0100
831 0.0200
FRAME t=424406.686 src=55324 n=2113 nz=17 seen=2 seen=1
23 0.1400
28 0.1800
42 0.8200
73 0.2200
77 0.4800
132 0.9900
134 0.0100
201 0.0900
241 0.9300
372 0.3700
379 0.9400
384 0.7100
402 0.4000
422 0.6500
455 0.2900
459 0.1500
573 0.1400
FRAME t=424406.751 src=52523 n=2113 nz=17 seen=2 seen=1
23 0.1100
28 0.1500
42 0.7900
73 0.1900
77 0.4500
107 0.5800
132 0.9600
201 0.0600
241 0.9000
375 0.3000
379 0.9100
422 0.6200
455 0.2600
474 1.0000
573 0.1100
621 0.2800
657 0.3000
FRAME t=424406.793 src=52523 n=2113 nz=18 seen=2 seen=1
23 0.0900
28 0.1300
42 0.7700
63 1.0000
73 0.1700
77 0.4300
107 0.5600
132 0.9400
201 0.0400
241 0.8800
375 0.2800
379 0.8900
422 0.6000
455 0.2400
474 0.9800
573 0.0900
621 0.2600
657 0.2800
FRAME t=424406.903 src=52523 n=2113 nz=18 seen=2 seen=1
23 0.0400
28 0.0800
42 0.7200
63 0.9500
73 0.1200
77 0.3800
107 0.5100
132 0.8900
241 0.8300
375 0.2300
379 0.8400
396 0.9700
422 0.5500
455 0.1900
474 0.9300
573 0.0400
621 0.2100
657 0.2300
FRAME t=424406.904 src=55324 n=2113 nz=16 seen=2 seen=1
23 0.0400
28 0.0800
42 0.7200
73 0.1200
77 0.3800
132 0.8900
241 0.8300
372 0.2700
379 0.8400
384 0.6100
396 0.9700
402 0.3000
422 0.5500
455 0.1900
459 0.0500
573 0.0400
FRAME t=424406.965 src=55324 n=2113 nz=18 seen=2 seen=1
23 0.0100
28 0.0500
42 0.6900
73 0.0900
77 0.3500
132 0.8600
138 0.9900
146 1.0000
241 0.8000
372 0.2400
379 0.8100
384 0.5800
396 0.9400
402 0.2700
422 0.5200
455 0.1600
459 0.0200
573 0.0100
FRAME t=424406.966 src=52523 n=2113 nz=20 seen=2 seen=1
23 0.0100
28 0.0500
42 0.6900
63 0.9200
73 0.0900
77 0.3500
107 0.4800
132 0.8600
138 0.9900
146 1.0000
241 0.8000
375 0.2000
379 0.8100
396 0.9400
422 0.5200
455 0.1600
474 0.9000
573 0.0100
621 0.1800
657 0.2000
FRAME t=424407.327 src=52523 n=2113 nz=15 seen=2 seen=1
42 0.5200
63 0.7500
77 0.1800
107 0.3100
132 0.6900
138 0.8200
146 0.8300
241 0.6300
375 0.0300
379 0.6400
396 0.7700
422 0.3500
474 0.7300
621 0.0100
657 0.0300
FRAME t=424407.370 src=52523 n=2113 nz=14 seen=2 seen=1
42 0.5000
63 0.7300
77 0.1600
107 0.2900
132 0.6700
138 0.8000
146 0.8100
241 0.6100
375 0.0100
379 0.6200
396 0.7500
422 0.3300
474 0.7100
657 0.0100
FRAME t=424408.881 src=52523 n=2113 nz=7 seen=2 seen=1
63 0.0100
138 0.0800
146 0.0900
386 0.4000
396 0.0300
398 0.4100
477 0.3600
FRAME t=424408.926 src=52523 n=2113 nz=6 seen=2 seen=1
138 0.0600
146 0.0700
386 0.3800
396 0.0100
398 0.3900
477 0.3400
FRAME t=424412.581 src=52523 n=5000 nz=42 seen=2 seen=1
3524 0.0300
3644 0.0500
3811 0.0500
3888 0.0400
4048 0.0000
4154 0.0700
4176 0.0700
4180 0.0300
4198 0.0000
4253 0.0300
4288 0.0200
4295 0.0800
4426 0.0200
4551 0.0800
4556 0.0500
4570 0.0200
4589 0.0100
4647 0.0200
4664 0.0400
4685 0.0000
4693 0.0300
4694 0.0300
4700 0.0700
4719 0.0200
4812 0.0800
4813 0.0200
4821 0.0700
4822 0.0700
4832 0.0500
4834 0.0300
4851 0.0000
4882 0.0000
4931 0.0800
4938 0.0500
4958 0.0400
4961 0.0300
4967 0.0300
4973 0.0600
4975 0.0200
4978 0.0300
4981 0.0300
4996 0.0500
FRAME t=424412.599 src=55324 n=5000 nz=37 seen=2 seen=1
3524 0.0200
3644 0.0400
3811 0.0400
3888 0.0300
4154 0.0600
4176 0.0600
4180 0.0200
4253 0.0200
4288 0.0100
4295 0.0700
4426 0.0100
4551 0.0700
4556 0.0400
4570 0.0100
4589 0.0000
4647 0.0100
4664 0.0300
4693 0.0200
4694 0.0200
4700 0.0600
4719 0.0100
4812 0.0700
4813 0.0100
4821 0.0600
4822 0.0600
4832 0.0400
4834 0.0200
4931 0.0700
4938 0.0400
4958 0.0300
4961 0.0200
4967 0.0200
4973 0.0500
4975 0.0100
4978 0.0200
4981 0.0200
4996 0.0400
FRAME t=424412.616 src=52523 n=5000 nz=36 seen=2 seen=1
3524 0.0100
3644 0.0300
3811 0.0300
3888 0.0200
4154 0.0500
4176 0.0500
4180 0.0100
4253 0.0100
4288 0.0000
4295 0.0600
4426 0.0000
4551 0.0600
4556 0.0300
4570 0.0000
4647 0.0000
4664 0.0200
4693 0.0100
4694 0.0100
4700 0.0500
4719 0.0000
4812 0.0600
4813 0.0000
4821 0.0500
4822 0.0500
4832 0.0300
4834 0.0100
4931 0.0600
4938 0.0300
4958 0.0200
4961 0.0100
4967 0.0100
4973 0.0400
4975 0.0000
4978 0.0100
4981 0.0100
4996 0.0300
FRAME t=424412.648 src=55324 n=5000 nz=29 seen=2 seen=1
3524 0.0000
3644 0.0200
3811 0.0200
3888 0.0100
4154 0.0400
4176 0.0400
4180 0.0000
4253 0.0000
4295 0.0500
4551 0.0500
4556 0.0200
4664 0.0100
4693 0.0000
4694 0.0000
4700 0.0400
4812 0.0500
4821 0.0400
4822 0.0400
4832 0.0200
4834 0.0000
4931 0.0500
4938 0.0200
4958 0.0100
4961 0.0000
4967 0.0000
4973 0.0300
4978 0.0000
4981 0.0000
4996 0.0200
FRAME t=424412.664 src=52523 n=5000 nz=19 seen=2 seen=1
3644 0.0100
3811 0.0100
3888 0.0000
4154 0.0300
4176 0.0300
4295 0.0400
4551 0.0400
4556 0.0100
4664 0.0000
4700 0.0300
4812 0.0400
4821 0.0300
4822 0.0300
4832 0.0100
4931 0.0400
4938 0.0100
4958 0.0000
4973 0.0200
4996 0.0100
FRAME t=424412.681 src=55324 n=5000 nz=16 seen=2 seen=1
3644 0.0000
3811 0.0000
4154 0.0200
4176 0.0200
4295 0.0300
4551 0.0300
4556 0.0000
4700 0.0200
4812 0.0300
4821 0.0200
4822 0.0200
4832 0.0000
4931 0.0300
4938 0.0000
4973 0.0100
4996 0.0000
FRAME t=424412.716 src=52523 n=5000 nz=10 seen=2 seen=1
4154 0.0100
4176 0.0100
4295 0.0200
4551 0.0200
4700 0.0100
4812 0.0200
4821 0.0100
4822 0.0100
4931 0.0200
4973 0.0000
FRAME t=424412.733 src=55324 n=5000 nz=9 seen=2 seen=1
4154 0.0000
4176 0.0000
4295 0.0100
4551 0.0100
4700 0.0000
4812 0.0100
4821 0.0000
4822 0.0000
4931 0.0100
FRAME t=424412.751 src=52523 n=5000 nz=4 seen=2 seen=1
4295 0.0000
4551 0.0000
4812 0.0000
4931 0.0000
FRAME t=424412.758 src=52523 n=5000 nz=69 seen=2 seen=1
0 0.0000
134 0.0000
142 0.0000
143 0.0000
147 0.0000
158 0.0000
169 0.0000
170 0.0000
290 0.0000
294 0.0000
304 0.0000
306 0.0000
312 0.0000
327 0.0000
339 0.0000
444 0.0000
455 0.0000
458 0.0000
473 0.0000
481 0.0000
487 0.0000
495 0.0000
506 0.0000
584 0.0000
616 0.0000
633 0.0000
635 0.0000
640 0.0000
644 0.0000
659 0.0000
794 0.0000
817 0.0000
830 0.0000
941 0.0000
957 0.0000
970 0.0000
1065 0.0000
1080 0.0000
1096 0.0000
1103 0.0000
1118 0.0000
1127 0.0000
1133 0.0000
1134 0.0000
1157 0.0000
1262 0.0000
1365 0.0000
1372 0.0000
1391 0.0000
1427 0.0000
1446 0.0000
1452 0.0000
1519 0.0000
1550 0.0000
1563 0.0000
1570 0.0000
1574 0.0000
1578 0.0000
1684 0.0000
1711 0.0000
1717 0.0000
1718 0.0000
1740 0.0000
1742 0.0000
1860 0.0000
1984 0.0000
1991 0.0000
2147 0.0000
2154 0.0000
FRAME t=424415.786 src=52523 n=5000 nz=148 seen=2 seen=1
3464 0.0000
3466 0.0100
3468 0.0100
3469 0.0100
3470 0.0000
3473 0.0100
3475 0.0000
3476 0.0000
3479 0.0100
3480 0.0000
3482 0.0000
3484 0.0100
3486 0.0100
3487 0.0100
3488 0.0000
3492 0.0100
3493 0.0000
3495 0.0000
3496 0.0100
3499 0.0000
3500 0.0100
3501 0.0100
3502 0.0100
3503 0.0000
3504 0.0100
3505 0.0100
3506 0.0100
3507 0.0100
3509 0.0000
3510 0.0000
3511 0.0100
3512 0.0100
3513 0.0000
3514 0.0100
3515 0.0100
3516 0.0100
3517 0.0100
3518 0.0100
3519 0.0100
3520 0.0100
3521 0.0100
3522 0.0100
3523 0.0100
3524 0.0100
3525 0.0100
3526 0.0100
3527 0.0100
3528 0.0100
3529 0.0100
3530 0.0100
3531 0.0100
3532 0.0100
3533 0.0100
3534 0.0100
3535 0.0100
3536 0.0100
3537 0.0100
3538 0.0100
3539 0.0100
3540 0.0100
3541 0.0100
3542 0.0100
3543 0.0100
3544 0.0100
3545 0.0100
3546 0.0100
3547 0.0100
3548 0.0100
3549 0.0100
3550 0.0100
3551 0.0100
3552 0.0100
3553 0.0100
3554 0.0100
3555 0.0100
3556 1.0000
3557 0.0100
3558 0.0100
3559 0.0100
3560 0.0100
3561 0.0100
3562 0.0100
3563 0.0100
3564 0.0100
3565 0.0100
3566 0.0100
3567 0.0100
3568 0.0100
3569 0.0100
3570 0.0100
3571 0.0100
3572 0.0100
3573 0.0100
3574 0.0100
3575 0.0100
3576 0.0100
3577 0.0100
3578 0.0100
3579 0.0100
3580 0.0100
3581 0.0100
3582 0.0100
3583 0.0100
3584 0.0100
3585 0.0000
3586 0.0100
3587 0.0100
3588 0.0100
3589 0.0000
3590 0.0100
3591 0.0100
3592 0.0100
3593 0.0100
3594 0.0100
3595 0.0100
3596 0.0000
3597 0.0000
3598 0.0100
3599 0.0100
3600 0.0100
3601 0.0100
3602 0.0100
3603 0.0000
3604 0.0100
3606 0.0100
3607 0.0100
3608 0.0000
3609 0.0000
3610 0.0000
3611 0.0000
3612 0.0000
3613 0.0100
3614 0.0000
3615 0.0000
3616 0.0100
3619 0.0100
3620 0.0100
3621 0.0000
3622 0.0100
3625 0.0100
3628 0.0100
3629 0.0000
3630 0.0100
3632 0.0000
3634 0.0100
3637 0.0100
3642 0.0000
3648 0.0100
FRAME t=424415.818 src=55324 n=5000 nz=118 seen=2 seen=1
3466 0.0000
3468 0.0000
3469 0.0000
3473 0.0000
3479 0.0000
3484 0.0000
3486 0.0000
3487 0.0000
3492 0.0000
3496 0.0000
3500 0.0000
3501 0.0000
3502 0.0000
3504 0.0000
3505 0.0000
3506 0.0000
3507 0.0000
3511 0.0000
3512 0.0000
3514 0.0000
3515 0.0000
3516 0.0000
3517 0.0000
3518 0.0000
3519 0.0000
3520 0.0000
3521 0.0000
3522 0.0000
3523 0.0000
3524 0.0000
3525 0.0000
3526 0.0000
3527 0.0000
3528 0.0000
3529 0.0000
3530 0.0000
3531 0.0000
3532 0.0000
3533 0.0000
3534 0.0000
3535 0.0000
3536 0.0000
3537 0.0000
3538 0.0000
3539 0.0000
3540 0.0000
3541 0.0000
3542 0.0000
3543 0.0000
3544 0.0000
3545 0.0000
3546 0.0000
3547 0.0000
3548 0.0000
3549 0.0000
3550 0.0000
3551 0.0000
3552 0.0000
3553 0.0000
3554 0.0000
3555 0.0000
3556 1.0000
3557 0.0000
3558 0.0000
3559 0.0000
3560 0.0000
3561 0.0000
3562 0.0000
3563 0.0000
3564 0.0000
3565 0.0000
3566 0.0000
3567 0.0000
3568 0.0000
3569 0.0000
3570 0.0000
3571 0.0000
3572 0.0000
3573 0.0000
3574 0.0000
3575 0.0000
3576 0.0000
3577 0.0000
3578 0.0000
3579 0.0000
3580 0.0000
3581 0.0000
3582 0.0000
3583 0.0000
3584 0.0000
3586 0.0000
3587 0.0000
3588 0.0000
3590 0.0000
3591 0.0000
3592 0.0000
3593 0.0000
3594 0.0000
3595 0.0000
3598 0.0000
3599 0.0000
3600 0.0000
3601 0.0000
3602 0.0000
3604 0.0000
3606 0.0000
3607 0.0000
3613 0.0000
3616 0.0000
3619 0.0000
3620 0.0000
3622 0.0000
3625 0.0000
3628 0.0000
3630 0.0000
3634 0.0000
3637 0.0000
3648 0.0000
FRAME t=424386.677 src=55324 n=5000 nz=19 seen=1 seen=1
1560 1.0000
2070 1.0000
2652 1.0000
2970 1.0000
3080 1.0000
3192 1.0000
3306 1.0000
3422 1.0000
3660 1.0000
3782 1.0000
3906 1.0000
4032 1.0000
4160 1.0000
4290 1.0000
4422 1.0000
4556 1.0000
4692 1.0000
4830 1.0000
4970 1.0000
FRAME t=424386.686 src=55324 n=5000 nz=28 seen=1 seen=1
140 1.0000
306 1.0000
470 1.0000
632 1.0000
792 1.0000
950 1.0000
1106 1.0000
1260 1.0000
1412 1.0000
1562 1.0000
1710 1.0000
1856 1.0000
2000 1.0000
2142 1.0000
2282 1.0000
2420 1.0000
2556 1.0000
2690 1.0000
2822 1.0000
2952 1.0000
3080 0.9900
3206 1.0000
3330 1.0000
3690 1.0000
4032 1.0000
4142 0.9900
4760 1.0000
4856 1.0000
FRAME t=424386.694 src=52523 n=5000 nz=25 seen=1 seen=1
930 1.0000
1406 1.0000
1560 1.0000
2162 1.0000
2450 1.0000
2550 1.0000
2652 1.0000
2756 1.0000
2862 1.0000
2970 1.0000
3080 1.0000
3306 1.0000
3422 1.0000
3540 1.0000
3660 1.0000
3782 1.0000
3906 1.0000
4032 1.0000
4160 1.0000
4290 1.0000
4422 1.0000
4556 1.0000
4692 1.0000
4830 1.0000
4970 1.0000
FRAME t=424386.707 src=52523 n=5000 nz=34 seen=1 seen=1
140 1.0000
306 1.0000
470 1.0000
632 1.0000
792 1.0000
950 1.0000
1106 1.0000
1260 1.0000
1412 1.0000
1562 1.0000
1710 1.0000
1856 1.0000
2000 1.0000
2142 1.0000
2282 1.0000
2420 1.0000
2556 1.0000
2690 1.0000
2822 1.0000
2952 1.0000
3080 1.0000
3206 1.0000
3330 1.0000
3452 1.0000
3572 1.0000
3690 1.0000
3806 1.0000
3920 1.0000
4032 1.0000
4142 1.0000
4562 1.0000
4760 1.0000
4856 1.0000
4950 1.0000
FRAME t=424386.707 src=52523 n=2113 nz=2 seen=1 seen=1
132 1.0000
852 1.0000
FRAME t=424386.707 src=55324 n=5000 nz=32 seen=1 seen=1
1056 1.0000
1190 1.0000
1260 1.0000
1560 0.9900
1806 1.0000
1980 1.0000
2070 1.0000
2162 1.0000
2256 1.0000
2352 1.0000
2450 1.0000
2550 1.0000
2652 1.0000
2756 1.0000
2862 1.0000
2970 1.0000
3080 0.9900
3192 1.0000
3306 0.9900
3422 1.0000
3540 1.0000
3660 1.0000
3782 1.0000
3906 1.0000
4032 1.0000
4160 1.0000
4290 1.0000
4422 1.0000
4556 1.0000
4692 1.0000
4830 0.9900
4970 1.0000
FRAME t=424386.707 src=55324 n=2113 nz=4 seen=1 seen=1
132 1.0000
552 1.0000
706 1.0000
852 1.0000
FRAME t=424386.728 src=55324 n=5000 nz=42 seen=1 seen=1
90 1.0000
380 1.0000
420 1.0000
462 1.0000
650 1.0000
812 1.0000
930 1.0000
1056 1.0000
1190 0.9900
1260 0.9900
1406 1.0000
1560 1.0000
1722 1.0000
1806 1.0000
1892 1.0000
1980 1.0000
2070 1.0000
2162 0.9900
2256 1.0000
2352 1.0000
2450 1.0000
2550 1.0000
2652 1.0000
2756 1.0000
2862 1.0000
2970 1.0000
3080 0.9800
3192 1.0000
3306 1.0000
3422 1.0000
3540 1.0000
3660 1.0000
3782 1.0000
3906 1.0000
4032 1.0000
4160 1.0000
4290 1.0000
4422 1.0000
4556 1.0000
4692 1.0000
4830 1.0000
4970 1.0000
FRAME t=424386.729 src=55324 n=2113 nz=15 seen=1 seen=1
42 1.0000
132 0.9900
220 1.0000
306 1.0000
390 1.0000
472 1.0000
552 1.0000
630 1.0000
706 0.9900
780 1.0000
852 0.9900
1120 1.0000
1242 1.0000
1732 1.0000
2112 1.0000
FRAME t=424386.729 src=52523 n=5000 nz=43 seen=1 seen=1
306 1.0000
420 1.0000
600 1.0000
650 1.0000
756 1.0000
870 1.0000
930 0.9900
1056 1.0000
1190 1.0000
1260 1.0000
1332 1.0000
1406 0.9900
1482 1.0000
1560 1.0000
1722 1.0000
1806 1.0000
1892 1.0000
1980 1.0000
2162 1.0000
2256 1.0000
2352 1.0000
2450 1.0000
2550 0.9900
2652 0.9900
2756 1.0000
2862 1.0000
2970 1.0000
3080 1.0000
3192 1.0000
3306 1.0000
3422 1.0000
3540 1.0000
3660 1.0000
3782 1.0000
3906 1.0000
4032 1.0000
4160 1.0000
4290 1.0000
4422 0.9900
4556 1.0000
4692 1.0000
4830 1.0000
4970 1.0000
FRAME t=424386.729 src=52523 n=2113 nz=11 seen=1 seen=1
132 1.0000
220 1.0000
390 1.0000
552 1.0000
630 1.0000
706 1.0000
852 1.0000
990 1.0000
1650 1.0000
1770 1.0000
1956 1.0000
FRAME t=424386.746 src=52523 n=5000 nz=48 seen=1 seen=1
0 1.0000
272 1.0000
306 0.9900
342 1.0000
420 0.9900
462 1.0000
600 0.9900
650 0.9900
702 1.0000
756 1.0000
870 1.0000
930 1.0000
1056 1.0000
1190 1.0000
1260 0.9900
1332 0.9900
1406 1.0000
1482 1.0000
1560 1.0000
1722 1.0000
1806 1.0000
1892 1.0000
1980 1.0000
2162 1.0000
2256 1.0000
2352 0.9900
2450 1.0000
2550 1.0000
2652 1.0000
2756 1.0000
2862 1.0000
2970 1.0000
3080 1.0000
3192 1.0000
3306 1.0000
3422 1.0000
3540 1.0000
3660 1.0000
3782 1.0000
3906 1.0000
4032 1.0000
4160 1.0000
4290 1.0000
4422 1.0000
4556 1.0000
4692 1.0000
4830 1.0000
4970 1.0000
FRAME t=424386.749 src=52523 n=2113 nz=22 seen=1 seen=1
42 1.0000
132 1.0000
220 1.0000
306 1.0000
390 1.0000
472 1.0000
552 1.0000
630 0.9900
706 1.0000
852 1.0000
990 1.0000
1056 1.0000
1182 1.0000
1242 1.0000
1300 1.0000
1462 1.0000
1560 1.0000
1606 1.0000
1650 1.0000
1770 0.9900
1930 1.0000
1956 0.9900
FRAME t=424386.749 src=55324 n=5000 nz=47 seen=1 seen=1
90 1.0000
240 1.0000
342 1.0000
380 0.9900
420 0.9900
462 0.9900
650 0.9900
812 0.9900
870 1.0000
930 0.9900
1056 0.9900
1122 1.0000
1190 1.0000
1260 1.0000
1406 1.0000
1482 1.0000
1560 1.0000
1722 0.9900
1806 1.0000
1892 1.0000
1980 1.0000
2070 1.0000
2162 1.0000
2256 1.0000
2352 1.0000
2450 1.0000
2550 1.0000
2652 0.9900
2756 1.0000
2862 1.0000
2970 1.0000
3080 1.0000
3192 1.0000
3306 1.0000
3422 1.0000
3540 1.0000
3660 1.0000
3782 1.0000
3906 1.0000
4032 1.0000
4160 1.0000
4290 1.0000
4422 1.0000
4556 1.0000
4692 1.0000
4830 1.0000
4970 1.0000
FRAME t=424386.749 src=55324 n=2113 nz=16 seen=1 seen=1
42 0.9900
132 1.0000
220 1.0000
306 1.0000
390 1.0000
472 0.9900
552 0.9900
630 1.0000
706 0.9800
780 0.9900
852 1.0000
1120 1.0000
1242 1.0000
1300 1.0000
1732 0.9900
2112 0.9900
FRAME t=424386.763 src=55324 n=5000 nz=55 seen=1 seen=1
20 1.0000
72 1.0000
90 0.9900
182 1.0000
240 0.9900
306 1.0000
342 0.9900
380 0.9800
420 0.9800
462 0.9800
552 1.0000
650 1.0000
702 1.0000
812 0.9800
870 0.9900
930 0.9800
1056 0.9800
1122 1.0000
1190 1.0000
1260 0.9900
1332 1.0000
1406 0.9900
1482 1.0000
1560 1.0000
1640 1.0000
1722 1.0000
1806 1.0000
1892 1.0000
1980 1.0000
2070 1.0000
2162 1.0000
2256 1.0000
2352 1.0000
2450 1.0000
2550 0.9900
2652 0.9800
2756 1.0000
2862 1.0000
2970 1.0000
3080 0.9900
3192 1.0000
3306 1.0000
3422 1.0000
3540 1.0000
3660 1.0000
3782 1.0000
3906 1.0000
4032 1.0000
4160 1.0000
4290 1.0000
4422 1.0000
4556 1.0000
4692 1.0000
4830 1.0000
4970 1.0000
FRAME t=424386.771 src=55324 n=2113 nz=21 seen=1 seen=1
42 1.0000
132 1.0000
220 1.0000
306 1.0000
390 1.0000
472 1.0000
552 0.9800
630 1.0000
706 1.0000
780 0.9800
852 1.0000
922 1.0000
990 1.0000
1056 1.0000
1120 1.0000
1242 0.9900
1300 0.9900
1650 1.0000
1732 0.9800
1770 1.0000
2112 0.9800
FRAME t=424386.771 src=52523 n=5000 nz=53 seen=1 seen=1
0 0.9900
56 1.0000
272 1.0000
306 0.9800
342 0.9900
380 1.0000
420 0.9800
462 1.0000
552 1.0000
600 0.9800
650 1.0000
702 0.9900
756 1.0000
870 0.9900
930 0.9900
992 1.0000
1056 1.0000
1190 1.0000
1260 0.9800
1332 1.0000
1406 0.9900
1482 0.9900
1560 1.0000
1722 1.0000
1806 0.9900
1892 1.0000
1980 1.0000
2070 1.0000
2162 1.0000
2256 0.9900
2352 1.0000
2450 1.0000
2550 1.0000
2652 0.9900
2756 1.0000
2862 1.0000
2970 1.0000
3080 1.0000
3192 1.0000
3306 1.0000
3422 1.0000
3540 1.0000
3660 0.9900
3782 1.0000
3906 1.0000
4032 1.0000
4160 1.0000
4290 1.0000
4422 1.0000
4556 1.0000
4692 1.0000
4830 1.0000
4970 1.0000
FRAME t=424386.771 src=52523 n=2113 nz=27 seen=1 seen=1
42 0.9900
132 0.9900
220 1.0000
306 1.0000
390 1.0000
472 1.0000
552 1.0000
630 1.0000
706 1.0000
780 1.0000
852 1.0000
922 1.0000
990 1.0000
1056 1.0000
1182 0.9900
1242 1.0000
1300 1.0000
1356 1.0000
1462 1.0000
1512 1.0000
1560 1.0000
1606 1.0000
1650 0.9900
1732 1.0000
1770 0.9800
1930 1.0000
1956 0.9800
FRAME t=424386.781 src=52523 n=5000 nz=54 seen=1 seen=1
0 1.0000
56 0.9900
272 0.9900
306 0.9700
342 1.0000
380 0.9900
420 0.9700
462 0.9900
552 0.9900
600 0.9700
650 0.9900
702 1.0000
756 0.9900
870 0.9800
930 1.0000
992 1.0000
1056 0.9900
1190 0.9900
1260 0.9700
1332 1.0000
1406 0.9800
1482 0.9800
1560 1.0000
1640 1.0000
1722 1.0000
1806 1.0000
1892 0.9900
1980 0.9900
2070 1.0000
2162 1.0000
2256 1.0000
2352 1.0000
2450 1.0000
2550 1.0000
2652 1.0000
2756 1.0000
2862 1.0000
2970 0.9900
3080 1.0000
3192 1.0000
3306 1.0000
3422 1.0000
3540 1.0000
3660 1.0000
3782 1.0000
3906 1.0000
4032 1.0000
4160 1.0000
4290 1.0000
4422 1.0000
4556 1.0000
4692 1.0000
4830 1.0000
4970 1.0000
FRAME t=424386.792 src=52523 n=2113 nz=30 seen=1 seen=1
42 1.0000
132 0.9800
220 1.0000
306 1.0000
390 1.0000
472 1.0000
552 1.0000
630 1.0000
706 1.0000
780 1.0000
852 0.9900
922 0.9900
990 1.0000
1056 1.0000
1120 1.0000
1182 0.9800
1242 0.9900
1300 0.9900
1356 1.0000
1410 1.0000
1462 0.9900
1512 0.9900
1560 0.9900
1606 0.9900
1650 0.9800
1732 0.9900
1770 0.9700
1930 0.9900
1956 0.9700
2092 1.0000
FRAME t=424386.792 src=55324 n=5000 nz=57 seen=1 seen=1
20 0.9900
72 0.9900
90 0.9800
182 1.0000
240 0.9800
306 0.9900
342 0.9800
380 1.0000
420 1.0000
462 0.9700
506 1.0000
552 0.9900
650 0.9900
702 1.0000
812 0.9700
870 0.9800
930 0.9700
992 1.0000
1056 0.9700
1122 0.9900
1190 0.9900
1260 1.0000
1332 0.9900
1406 1.0000
1482 1.0000
1560 0.9900
1640 0.9900
1722 1.0000
1806 1.0000
1892 1.0000
1980 1.0000
2070 0.9900
2162 1.0000
2256 1.0000
2352 1.0000
2450 1.0000
2550 1.0000
2652 1.0000
2756 1.0000
2862 1.0000
2970 0.9900
3080 1.0000
3192 1.0000
3306 1.0000
3422 1.0000
3540 1.0000
3660 1.0000
3782 1.0000
3906 1.0000
4032 1.0000
4160 1.0000
4290 1.0000
4422 1.0000
4556 1.0000
4692 1.0000
4830 1.0000
4970 1.0000
FRAME t=424386.792 src=55324 n=2113 nz=25 seen=1 seen=1
42 1.0000
132 1.0000
220 1.0000
306 1.0000
390 1.0000
472 0.9900
552 0.9700
630 1.0000
706 1.0000
780 0.9700
852 1.0000
922 1.0000
990 1.0000
1056 0.9900
1120 0.9900
1242 0.9800
1300 1.0000
1462 1.0000
1512 1.0000
1560 1.0000
1650 0.9900
1732 1.0000
1770 0.9900
1956 1.0000
2112 0.9700
FRAME t=424386.797 src=55324 n=5000 nz=58 seen=1 seen=1
20 0.9800
72 0.9800
90 0.9700
182 0.9900
240 0.9700
272 1.0000
306 0.9800
342 0.9700
380 1.0000
420 0.9900
462 0.9600
506 0.9900
552 0.9800
650 1.0000
702 0.9900
812 1.0000
870 0.9700
930 0.9600
992 1.0000
1056 0.9600
1122 1.0000
1190 0.9800
1260 1.0000
1332 1.0000
1406 0.9900
1482 1.0000
1560 1.0000
1640 1.0000
1722 1.0000
1806 1.0000
1892 0.9900
1980 1.0000
2070 1.0000
2162 0.9900
2256 1.0000
2352 1.0000
2450 1.0000
2550 1.0000
2652 1.0000
2756 1.0000
2862 1.0000
2970 1.0000
3080 1.0000
3192 1.0000
3306 1.0000
3422 1.0000
3540 1.0000
3660 1.0000
3782 1.0000
3906 1.0000
4032 1.0000
4160 1.0000
4290 1.0000
4422 1.0000
4556 1.0000
4692 1.0000
4830 1.0000
4970 1.0000
FRAME t=424386.814 src=52523 n=5000 nz=57 seen=1 seen=1
0 1.0000
56 0.9800
90 1.0000
110 1.0000
272 0.9800
306 0.9600
342 0.9900
380 1.0000
420 1.0000
462 0.9800
552 1.0000
600 1.0000
650 0.9800
702 1.0000
756 0.9800
870 1.0000
930 0.9900
992 0.9900
1056 1.0000
1122 1.0000
1190 1.0000
1260 0.9600
1332 0.9900
1406 1.0000
1482 1.0000
1560 1.0000
1640 0.9900
1722 1.0000
1806 1.0000
1892 1.0000
1980 1.0000
2070 0.9900
2162 1.0000
2256 1.0000
2352 1.0000
2450 1.0000
2550 1.0000
2652 1.0000
2756 1.0000
2862 1.0000
2970 1.0000
3080 1.0000
3192 1.0000
3306 1.0000
3422 1.0000
3540 1.0000
3660 1.0000
3782 1.0000
3906 1.0000
4032 1.0000
4160 1.0000
4290 1.0000
4422 1.0000
4556 1.0000
4692 1.0000
4830 1.0000
4970 1.0000
FRAME t=424386.833 src=52523 n=5000 nz=58 seen=1 seen=1
0 1.0000
56 0.9700
90 0.9900
110 0.9900
272 0.9700
306 0.9500
342 0.9800
380 0.9900
420 1.0000
462 0.9700
552 0.9900
600 0.9900
650 1.0000
702 0.9900
756 0.9700
812 1.0000
870 1.0000
930 1.0000
992 1.0000
1056 0.9900
1122 0.9900
1190 0.9900
1260 1.0000
1332 0.9800
1406 1.0000
1482 1.0000
1560 1.0000
1640 0.9800
1722 1.0000
1806 1.0000
1892 0.9900
1980 0.9900
2070 0.9800
2162 1.0000
2256 0.9900
2352 1.0000
2450 1.0000
2550 0.9900
2652 1.0000
2756 1.0000
2862 1.0000
2970 1.0000
3080 1.0000
3192 1.0000
3306 1.0000
3422 1.0000
3540 1.0000
3660 1.0000
3782 1.0000
3906 1.0000
4032 1.0000
4160 1.0000
4290 1.0000
4422 1.0000
4556 1.0000
4692 1.0000
4830 1.0000
4970 1.0000
FRAME t=424386.835 src=55324 n=5000 nz=59 seen=1 seen=1
20 0.9700
72 0.9700
90 0.9600
182 0.9800
240 1.0000
272 0.9900
306 0.9700
342 0.9600
380 0.9900
420 0.9800
462 0.9500
506 0.9800
552 0.9700
600 1.0000
650 0.9900
702 0.9800
812 0.9900
870 0.9600
930 0.9500
992 1.0000
1056 0.9500
1122 0.9900
1190 0.9700
1260 1.0000
1332 1.0000
1406 0.9800
1482 1.0000
1560 0.9900
1640 0.9900
1722 0.9900
1806 0.9900
1892 1.0000
1980 1.0000
2070 1.0000
2162 1.0000
2256 1.0000
2352 1.0000
2450 1.0000
2550 1.0000
2652 1.0000
2756 1.0000
2862 1.0000
2970 1.0000
3080 1.0000
3192 1.0000
3306 0.9900
3422 1.0000
3540 1.0000
3660 1.0000
3782 1.0000
3906 1.0000
4032 1.0000
4160 1.0000
4290 1.0000
4422 1.0000
4556 1.0000
4692 1.0000
4830 1.0000
4970 1.0000
FRAME t=424386.850 src=55324 n=5000 nz=60 seen=1 seen=1
20 1.0000
72 0.9600
90 0.9500
110 1.0000
182 0.9700
240 0.9900
272 1.0000
306 0.9600
342 0.9500
380 0.9800
420 1.0000
462 0.9400
506 1.0000
552 0.9600
600 0.9900
650 0.9800
702 0.9700
812 1.0000
870 0.9500
930 0.9400
992 1.0000
1056 1.0000
1122 1.0000
1190 0.9600
1260 1.0000
1332 1.0000
1406 0.9700
1482 1.0000
1560 1.0000
1640 1.0000
1722 1.0000
1806 1.0000
1892 1.0000
1980 1.0000
2070 1.0000
2162 1.0000
2256 1.0000
2352 1.0000
2450 1.0000
2550 1.0000
2652 1.0000
2756 1.0000
2862 1.0000
2970 1.0000
3080 1.0000
3192 1.0000
3306 0.9800
3422 1.0000
3540 1.0000
3660 1.0000
3782 1.0000
3906 1.0000
4032 1.0000
4160 1.0000
4290 1.0000
4422 1.0000
4556 1.0000
4692 1.0000
4830 1.0000
4970 1.0000
FRAME t=424386.855 src=55324 n=2113 nz=30 seen=1 seen=1
42 1.0000
132 1.0000
220 1.0000
306 0.9900
390 0.9800
472 1.0000
552 1.0000
630 0.9800
706 0.9900
780 1.0000
852 1.0000
922 1.0000
990 1.0000
1056 1.0000
1120 1.0000
1182 1.0000
1242 1.0000
1300 1.0000
1462 1.0000
1512 1.0000
1560 0.9900
1606 1.0000
1650 1.0000
1732 0.9700
1770 0.9600
1840 1.0000
1872 0.9900
1956 1.0000
2082 0.9800
2112 0.9400
FRAME t=424386.855 src=52523 n=5000 nz=60 seen=1 seen=1
0 0.9900
12 1.0000
56 0.9600
90 0.9800
110 0.9800
240 1.0000
272 0.9600
306 0.9400
342 0.9700
380 0.9800
420 0.9900
462 0.9600
552 0.9800
600 0.9800
650 0.9900
702 0.9800
756 0.9600
812 0.9900
870 0.9900
930 0.9900
992 1.0000
1056 0.9800
1122 0.9800
1190 0.9800
1260 0.9900
1332 1.0000
1406 0.9900
1482 1.0000
1560 1.0000
1640 0.9700
1722 0.9900
1806 1.0000
1892 1.0000
1980 1.0000
2070 1.0000
2162 1.0000
2256 1.0000
2352 1.0000
2450 1.0000
2550 1.0000
2652 1.0000
2756 1.0000
2862 1.0000
2970 1.0000
3080 1.0000
3192 1.0000
3306 1.0000
3422 1.0000
3540 1.0000
3660 1.0000
3782 1.0000
3906 1.0000
4032 1.0000
4160 1.0000
4290 1.0000
4422 1.0000
4556 1.0000
4692 1.0000
4830 1.0000
4970 1.0000
FRAME t=424386.856 src=52523 n=2113 nz=34 seen=1 seen=1
42 0.9800
132 1.0000
220 1.0000
306 1.0000
390 1.0000
472 1.0000
552 1.0000
630 0.9700
706 0.9900
780 0.9700
852 0.9600
922 1.0000
990 0.9700
1056 1.0000
1120 0.9900
1182 1.0000
1242 0.9900
1300 0.9900
1356 0.9800
1410 0.9700
1462 1.0000
1512 0.9800
1560 0.9600
1606 0.9800
1650 1.0000
1732 0.9800
1770 0.9800
1840 1.0000
1930 0.9600
1956 0.9400
1980 1.0000
2002 0.9800
2092 0.9700
2112 0.9800
FRAME t=424386.867 src=52523 n=5000 nz=62 seen=1 seen=1
0 0.9800
12 1.0000
56 0.9500
90 0.9700
110 0.9700
156 1.0000
182 1.0000
240 1.0000
272 0.9500
306 0.9300
342 1.0000
380 1.0000
420 1.0000
462 1.0000
552 1.0000
600 0.9700
650 1.0000
702 0.9700
756 1.0000
812 1.0000
870 0.9800
930 1.0000
992 1.0000
1056 1.0000
1122 1.0000
1190 1.0000
1260 1.0000
1332 1.0000
1406 0.9800
1482 1.0000
1560 1.0000
1640 0.9600
1722 1.0000
1806 1.0000
1892 0.9900
1980 0.9900
2070 1.0000
2162 1.0000
2256 1.0000
2352 1.0000
2450 1.0000
2550 1.0000
2652 1.0000
2756 1.0000
2862 1.0000
2970 1.0000
3080 1.0000
3192 1.0000
3306 1.0000
3422 0.9900
3540 1.0000
3660 1.0000
3782 1.0000
3906 1.0000
4032 1.0000
4160 0.9900
4290 1.0000
4422 1.0000
4556 1.0000
4692 1.0000
4830 1.0000
4970 1.0000
FRAME t=424386.878 src=52523 n=2113 nz=36 seen=1 seen=1
42 1.0000
132 1.0000
220 1.0000
306 1.0000
390 1.0000
472 1.0000
552 0.9900
630 1.0000
706 0.9800
780 1.0000
852 1.0000
922 1.0000
990 0.9600
1056 0.9900
1120 0.9800
1182 1.0000
1242 0.9800
1300 1.0000
1356 1.0000
1410 1.0000
1462 0.9900
1512 0.9700
1560 0.9500
1606 1.0000
1650 0.9900
1732 1.0000
1770 0.9700
1840 0.9900
1902 1.0000
1930 1.0000
1956 0.9300
1980 0.9900
2002 0.9700
2092 0.9600
2106 1.0000
2112 1.0000
FRAME t=424386.878 src=55324 n=5000 nz=63 seen=1 seen=1
12 1.0000
20 0.9900
72 0.9500
90 0.9400
110 0.9900
156 1.0000
182 1.0000
240 1.0000
272 0.9900
306 0.9500
342 1.0000
380 1.0000
420 1.0000
462 1.0000
506 0.9900
552 1.0000
600 0.9800
650 1.0000
702 0.9600
756 1.0000
812 1.0000
870 0.9400
930 1.0000
992 1.0000
1056 1.0000
1122 1.0000
1190 1.0000
1260 1.0000
1332 1.0000
1406 0.9600
1482 1.0000
1560 1.0000
1640 0.9900
1722 1.0000
1806 1.0000
1892 0.9900
1980 0.9900
2070 1.0000
2162 1.0000
2256 1.0000
2352 1.0000
2450 1.0000
2550 1.0000
2652 1.0000
2756 1.0000
2862 1.0000
2970 1.0000
3080 1.0000
3192 1.0000
3306 1.0000
3422 0.9900
3540 1.0000
3660 1.0000
3782 1.0000
3906 1.0000
4032 1.0000
4160 0.9900
4290 1.0000
4422 1.0000
4556 1.0000
4692 1.0000
4830 1.0000
4970 1.0000
FRAME t=424386.884 src=55324 n=5000 nz=64 seen=1 seen=1
12 0.9900
20 0.9800
56 1.0000
72 0.9400
90 1.0000
110 1.0000
156 0.9900
182 0.9900
240 0.9900
272 0.9800
306 0.9400
342 0.9900
380 0.9900
420 0.9900
462 0.9900
506 1.0000
552 0.9900
600 0.9700
650 0.9900
702 1.0000
756 1.0000
812 1.0000
870 0.9300
930 0.9900
992 1.0000
1056 0.9900
1122 1.0000
1190 1.0000
1260 1.0000
1332 1.0000
1406 1.0000
1482 1.0000
1560 0.9900
1640 1.0000
1722 1.0000
1806 1.0000
1892 1.0000
1980 0.9800
2070 1.0000
2162 1.0000
2256 1.0000
2352 1.0000
2450 0.9900
2550 1.0000
2652 1.0000
2756 1.0000
2862 1.0000
2970 1.0000
3080 1.0000
3192 1.0000
3306 0.9900
3422 1.0000
3540 1.0000
3660 1.0000
3782 1.0000
3906 1.0000
4032 1.0000
4160 1.0000
4290 1.0000
4422 1.0000
4556 1.0000
4692 1.0000
4830 1.0000
4970 1.0000
FRAME t=424386.899 src=52523 n=5000 nz=64 seen=1 seen=1
0 0.9700
2 1.0000
12 0.9900
42 1.0000
56 0.9400
90 1.0000
110 0.9600
156 1.0000
182 0.9900
240 1.0000
272 0.9400
306 0.9200
342 0.9900
380 0.9900
420 0.9900
462 0.9900
552 1.0000
600 0.9600
650 1.0000
702 0.9600
756 1.0000
812 1.0000
870 0.9700
930 1.0000
992 1.0000
1056 1.0000
1122 0.9900
1190 1.0000
1260 0.9900
1332 0.9900
1406 1.0000
1482 0.9900
1560 0.9900
1640 1.0000
1722 1.0000
1806 0.9900
1892 0.9800
1980 1.0000
2070 1.0000
2162 1.0000
2256 1.0000
2352 1.0000
2450 1.0000
2550 1.0000
2652 1.0000
2756 1.0000
2862 1.0000
2970 1.0000
3080 1.0000
3192 1.0000
3306 1.0000
3422 1.0000
3540 1.0000
3660 1.0000
3782 1.0000
3906 1.0000
4032 1.0000
4160 1.0000
4290 1.0000
4422 1.0000
4556 1.0000
4692 1.0000
4830 1.0000
4970 1.0000
FRAME t=424386.899 src=52523 n=2113 nz=38 seen=1 seen=1
42 1.0000
132 1.0000
220 1.0000
306 1.0000
390 1.0000
472 1.0000
552 1.0000
630 1.0000
706 1.0000
780 0.9900
852 1.0000
922 1.0000
990 0.9500
1056 1.0000
1120 0.9700
1182 0.9900
1242 0.9700
1300 1.0000
1356 1.0000
1410 1.0000
1462 1.0000
1512 1.0000
1560 0.9400
1606 0.9900
1650 1.0000
1692 1.0000
1732 1.0000
1770 0.9600
1840 0.9800
1902 0.9900
1930 0.9900
1956 0.9200
1980 0.9800
2002 0.9600
2040 1.0000
2092 1.0000
2106 0.9900
2112 0.9900
FRAME t=424386.919 src=52523 n=5000 nz=65 seen=1 seen=1
0 0.9600
2 0.9900
12 0.9800
42 0.9900
56 0.9300
90 0.9900
110 0.9500
156 0.9900
182 0.9800
240 1.0000
272 0.9300
306 0.9100
342 0.9800
380 0.9800
420 1.0000
462 0.9800
506 1.0000
552 1.0000
600 1.0000
650 1.0000
702 0.9500
756 0.9900
812 1.0000
870 0.9600
930 0.9900
992 1.0000
1056 0.9900
1122 1.0000
1190 0.9900
1260 1.0000
1332 0.9800
1406 1.0000
1482 0.9800
1560 1.0000
1640 0.9900
1722 1.0000
1806 0.9800
1892 1.0000
1980 1.0000
2070 1.0000
2162 1.0000
2256 1.0000
2352 1.0000
2450 1.0000
2550 1.0000
2652 1.0000
2756 1.0000
2862 1.0000
2970 1.0000
3080 1.0000
3192 1.0000
3306 1.0000
3422 1.0000
3540 1.0000
3660 1.0000
3782 1.0000
3906 1.0000
4032 1.0000
4160 1.0000
4290 1.0000
4422 1.0000
4556 1.0000
4692 1.0000
4830 1.0000
4970 1.0000
FRAME t=424386.919 src=55324 n=5000 nz=65 seen=1 seen=1
6 1.0000
12 0.9800
20 0.9700
56 0.9900
72 0.9300
90 1.0000
110 0.9900
156 0.9800
182 0.9800
240 1.0000
272 0.9700
306 0.9300
342 0.9800
380 0.9800
420 0.9800
462 0.9800
506 0.9900
552 0.9800
600 0.9600
650 0.9800
702 0.9900
756 0.9900
812 0.9900
870 0.9200
930 0.9800
992 0.9900
1056 1.0000
1122 1.0000
1190 0.9900
1260 0.9900
1332 1.0000
1406 0.9900
1482 1.0000
1560 1.0000
1640 1.0000
1722 1.0000
1806 0.9900
1892 1.0000
1980 1.0000
2070 0.9900
2162 1.0000
2256 1.0000
2352 1.0000
2450 1.0000
2550 1.0000
2652 0.9900
2756 1.0000
2862 1.0000
2970 1.0000
3080 1.0000
3192 1.0000
3306 1.0000
3422 1.0000
3540 1.0000
3660 1.0000
3782 1.0000
3906 1.0000
4032 1.0000
4160 1.0000
4290 1.0000
4422 1.0000
4556 1.0000
4692 1.0000
4830 1.0000
4970 1.0000
FRAME t=424387.002 src=52523 n=2113 nz=41 seen=1 seen=1
42 1.0000
132 1.0000
220 0.9900
306 1.0000
390 1.0000
472 1.0000
552 1.0000
630 1.0000
706 0.9900
780 0.9900
852 1.0000
922 1.0000
990 1.0000
1056 1.0000
1120 1.0000
1182 0.9800
1242 0.9700
1300 0.9800
1356 0.9800
1410 1.0000
1462 1.0000
1512 0.9600
1560 1.0000
1606 0.9700
1650 0.9500
1692 0.9500
1732 0.9500
1770 0.9600
1806 1.0000
1840 0.9300
1902 0.9700
1930 0.9600
1956 0.8700
1980 0.9800
2002 1.0000
2040 0.9800
2056 1.0000
2070 0.9800
2092 0.9500
2106 0.9400
2112 0.9800
FRAME t=424387.002 src=55324 n=2113 nz=41 seen=1 seen=1
42 1.0000
132 1.0000
220 0.9900
306 1.0000
390 1.0000
472 1.0000
552 1.0000
630 1.0000
706 0.9900
780 0.9900
852 1.0000
922 1.0000
990 1.0000
1056 1.0000
1120 1.0000
1182 0.9800
1242 0.9700
1300 0.9800
1356 0.9800
1410 1.0000
1462 1.0000
1512 0.9600
1560 1.0000
1606 0.9700
1650 0.9300
1732 0.9500
1770 0.8900
1806 1.0000
1840 0.9500
1872 0.9600
1902 0.9700
1930 0.9500
1956 0.9300
1980 0.9800
2002 1.0000
2040 0.9800
2056 1.0000
2070 0.9800
2082 0.9100
2106 0.9400
2112 0.9800
FRAME t=424387.023 src=55324 n=2113 nz=42 seen=1 seen=1
42 1.0000
132 1.0000
220 1.0000
306 1.0000
390 0.9900
472 1.0000
552 1.0000
630 1.0000
706 0.9800
780 0.9800
852 1.0000
922 1.0000
990 1.0000
1056 1.0000
1120 0.9900
1182 0.9700
1242 1.0000
1300 0.9700
1356 0.9700
1410 0.9900
1462 0.9900
1512 0.9500
1560 1.0000
1606 1.0000
1650 1.0000
1692 1.0000
1732 1.0000
1770 0.8800
1806 1.0000
1840 0.9400
1872 0.9500
1902 0.9600
1930 0.9400
1956 0.9200
1980 0.9700
2002 0.9900
2040 0.9700
2056 0.9900
2070 0.9700
2082 1.0000
2106 0.9300
2112 1.0000
FRAME t=424387.023 src=52523 n=2113 nz=42 seen=1 seen=1
42 1.0000
132 1.0000
220 1.0000
306 1.0000
390 0.9900
472 1.0000
552 1.0000
630 1.0000
706 0.9800
780 0.9800
852 1.0000
922 1.0000
990 1.0000
1056 1.0000
1120 0.9900
1182 0.9700
1242 1.0000
1300 0.9700
1356 0.9700
1410 0.9900
1462 0.9900
1512 0.9500
1560 1.0000
1606 1.0000
1650 1.0000
1692 1.0000
1732 1.0000
1770 0.9500
1806 1.0000
1840 0.9200
1902 0.9600
1930 0.9500
1956 0.8600
1980 0.9700
2002 0.9900
2040 0.9700
2056 0.9900
2070 0.9700
2082 1.0000
2092 0.9400
2106 0.9300
2112 1.0000
FRAME t=424387.041 src=55324 n=5000 nz=68 seen=1 seen=1
0 0.9800
6 0.9400
12 0.9200
20 0.9100
56 1.0000
72 0.8700
90 0.9400
110 0.9300
132 1.0000
156 0.9200
182 1.0000
210 1.0000
240 0.9400
272 0.9700
306 0.9900
342 0.9500
380 0.9500
420 0.9500
462 0.9900
506 0.9800
552 1.0000
600 0.9000
650 0.9800
702 0.9900
756 1.0000
812 1.0000
870 0.9900
930 0.9900
992 0.9900
1056 0.9900
1122 0.9400
1190 1.0000
1260 1.0000
1332 1.0000
1406 1.0000
1482 0.9600
1560 1.0000
1640 1.0000
1722 0.9800
1806 0.9900
1892 1.0000
1980 1.0000
2070 0.9900
2162 1.0000
2256 1.0000
2352 1.0000
2450 1.0000
2550 1.0000
2652 1.0000
2756 0.9900
2862 1.0000
2970 1.0000
3080 1.0000
3192 1.0000
3306 1.0000
3422 1.0000
3540 1.0000
3660 1.0000
3782 1.0000
3906 1.0000
4032 1.0000
4160 1.0000
4290 1.0000
4422 1.0000
4556 1.0000
4692 1.0000
4830 1.0000
4970 1.0000
FRAME t=424403.486 src=52523 n=2113 nz=118 seen=1 seen=1
12 0.3600
14 0.0700
27 0.7500
29 0.7900
35 0.8900
36 0.0100
39 0.1700
40 0.6200
44 0.6100
45 0.0400
53 0.6800
56 0.0100
60 0.6000
76 0.8600
85 0.0200
97 0.0300
104 0.7300
107 0.9200
113 0.8500
120 0.7600
126 0.9900
130 0.5800
135 0.2900
136 0.1100
139 0.4200
143 0.9700
150 0.7000
161 0.9800
176 0.4600
187 0.5300
189 0.2800
201 0.1200
204 0.4500
207 0.0500
213 0.7200
214 0.1100
222 0.0500
226 0.9700
231 0.0100
235 0.1000
237 0.0700
238 0.6100
254 0.0400
266 0.3600
282 0.6300
287 0.6900
291 0.8300
292 0.8300
299 0.6800
309 0.8800
313 0.0200
319 0.8400
320 0.1300
345 0.3500
365 0.4600
367 0.9600
371 0.1200
375 0.8700
386 0.2800
400 0.0400
402 0.0100
405 0.9000
421 0.2900
431 0.7300
453 0.0900
458 0.2200
466 0.0500
487 0.8900
497 0.1300
532 0.6100
540 0.5000
556 0.6200
568 0.4700
581 0.9600
593 0.3000
637 0.0500
652 0.2300
670 0.5400
678 0.7200
714 0.0300
715 0.5300
724 0.3100
764 0.1200
773 0.0100
781 0.8800
823 0.7900
834 0.6100
851 0.1200
855 0.5400
863 0.0400
864 0.2000
879 0.0200
886 0.0400
902 0.1300
934 0.1700
937 0.3200
968 0.9100
1035 0.1100
1037 0.0800
1038 0.1600
1049 0.4400
1053 0.1300
1070 0.7900
1072 0.8900
1078 0.3000
1108 0.1800
1114 0.8500
1119 0.9100
1126 0.3100
1128 0.0500
1167 0.0400
1255 0.1200
1313 0.9800
1329 0.6400
1352 0.9000
1476 0.1200
1511 0.1200
1760 0.1000
FRAME t=424403.506 src=52523 n=2113 nz=119 seen=1 seen=1
12 0.3500
14 0.0600
27 0.7400
29 0.7800
35 0.8800
36 0.0000
39 0.1600
40 0.6100
44 0.6000
45 0.0300
53 0.6700
56 0.0000
60 0.5900
76 0.8500
85 0.0100
97 0.0200
104 0.7200
107 0.9100
113 0.8400
120 0.7500
126 0.9800
130 0.5700
135 0.2800
136 0.1000
139 0.4100
143 0.9600
150 0.6900
161 0.9700
176 0.4500
187 0.5200
189 0.2700
201 0.1100
204 0.4400
207 0.0400
213 0.7100
214 0.1000
222 0.0400
226 0.9600
231 0.0000
235 0.0900
237 0.0600
238 0.6000
254 0.0300
266 0.3500
282 0.6200
287 0.6800
291 0.8200
292 0.8200
299 0.6700
309 0.8700
313 0.0100
319 0.8300
320 0.1200
345 0.3400
365 0.4500
367 0.9500
371 0.1100
375 0.8600
384 1.0000
386 0.2700
400 0.0300
402 0.0000
405 0.8900
421 0.2800
431 0.7200
453 0.0800
458 0.2100
466 0.0400
487 0.8800
497 0.1200
532 0.6000
540 0.4900
556 0.6100
568 0.4600
581 0.9500
593 0.2900
637 0.0400
652 0.2200
670 0.5300
678 0.7100
714 0.0200
715 0.5200
724 0.3000
764 0.1100
773 0.0000
781 0.8700
823 0.7800
834 0.6000
851 0.1100
855 0.5300
863 0.0300
864 0.1900
879 0.0100
886 0.0300
902 0.1200
934 0.1600
937 0.3100
968 0.9000
1035 0.1000
1037 0.0700
1038 0.1500
1049 0.4300
1053 0.1200
1070 0.7800
1072 0.8800
1078 0.2900
1108 0.1700
1114 0.8400
1119 0.9000
1126 0.3000
1128 0.0400
1167 0.0300
1255 0.1100
1313 0.9700
1329 0.6300
1352 0.8900
1476 0.1100
1511 0.1100
1760 0.0900
FRAME t=424403.530 src=52523 n=2113 nz=114 seen=1 seen=1
12 0.3400
14 0.0500
27 0.7300
29 0.7700
35 0.8700
39 0.1500
40 0.6000
44 0.5900
45 0.0200
53 0.6600
60 0.5800
76 0.8400
85 0.0000
97 0.0100
104 0.7100
107 0.9000
113 0.8300
120 0.7400
126 0.9700
130 0.5600
135 0.2700
136 0.0900
139 0.4000
143 0.9500
150 0.6800
161 0.9600
176 0.4400
187 0.5100
189 0.2600
201 0.1000
204 0.4300
207 0.0300
213 0.7000
214 0.0900
222 0.0300
226 0.9500
235 0.0800
237 0.0500
238 0.5900
254 0.0200
266 0.3400
282 0.6100
287 0.6700
291 0.8100
292 0.8100
299 0.6600
309 0.8600
313 0.0000
319 0.8200
320 0.1100
345 0.3300
365 0.4400
367 0.9400
371 0.1000
375 0.8500
384 0.9900
386 0.2600
400 0.0200
405 0.8800
421 0.2700
431 0.7100
453 0.0700
458 0.2000
466 0.0300
487 0.8700
497 0.1100
532 0.5900
540 0.4800
556 0.6000
568 0.4500
581 0.9400
593 0.2800
637 0.0300
652 0.2100
670 0.5200
678 0.7000
714 0.0100
715 0.5100
724 0.2900
764 0.1000
781 0.8600
823 0.7700
834 0.5900
851 0.1000
855 0.5200
863 0.0200
864 0.1800
879 0.0000
886 0.0200
902 0.1100
934 0.1500
937 0.3000
968 0.8900
1035 0.0900
1037 0.0600
1038 0.1400
1049 0.4200
1053 0.1100
1070 0.7700
1072 0.8700
1078 0.2800
1108 0.1600
1114 0.8300
1119 0.8900
1126 0.2900
1128 0.0300
1167 0.0200
1255 0.1000
1313 0.9600
1329 0.6200
1352 0.8800
1476 0.1000
1511 0.1000
1760 0.0800
FRAME t=424403.550 src=52523 n=2113 nz=112 seen=1 seen=1
12 0.3300
14 0.0400
27 0.7200
29 0.7600
35 0.8600
39 0.1400
40 0.5900
44 0.5800
45 0.0100
53 0.6500
60 0.5700
76 0.8300
97 0.0000
104 0.7000
107 0.8900
113 0.8200
120 0.7300
126 0.9600
130 0.5500
135 0.2600
136 0.0800
139 0.3900
143 0.9400
150 0.6700
161 0.9500
176 0.4300
187 0.5000
189 0.2500
201 0.0900
204 0.4200
207 0.0200
213 0.6900
214 0.0800
222 0.0200
226 0.9400
235 0.0700
237 0.0400
238 0.5800
254 0.0100
266 0.3300
282 0.6000
287 0.6600
291 0.8000
292 0.8000
299 0.6500
309 0.8500
319 0.8100
320 0.1000
345 0.3200
365 0.4300
367 0.9300
371 0.0900
375 0.8400
384 0.9800
386 0.2500
400 0.0100
405 0.8700
421 0.2600
431 0.7000
453 0.0600
458 0.1900
466 0.0200
487 0.8600
497 0.1000
532 0.5800
540 0.4700
556 0.5900
568 0.4400
581 0.9300
593 0.2700
637 0.0200
652 0.2000
670 0.5100
678 0.6900
714 0.0000
715 0.5000
717 1.0000
724 0.2800
764 0.0900
781 0.8500
823 0.7600
834 0.5800
851 0.0900
855 0.5100
863 0.0100
864 0.1700
886 0.0100
902 0.1000
934 0.1400
937 0.2900
968 0.8800
1035 0.0800
1037 0.0500
1038 0.1300
1049 0.4100
1053 0.1000
1070 0.7600
1072 0.8600
1078 0.2700
1108 0.1500
1114 0.8200
1119 0.8800
1126 0.2800
1128 0.0200
1167 0.0100
1255 0.0900
1313 0.9500
1329 0.6100
1352 0.8700
1476 0.0900
1511 0.0900
1760 0.0700
FRAME t=424403.571 src=52523 n=2113 nz=111 seen=1 seen=1
12 0.3200
14 0.0300
27 0.7100
29 0.7500
35 0.8500
39 0.1300
40 0.5800
44 0.5700
45 0.0000
53 0.6400
60 0.5600
76 0.8200
104 0.6900
107 0.8800
113 0.8100
120 0.7200
126 0.9500
130 0.5400
135 0.2500
136 0.0700
139 0.3800
143 0.9300
150 0.6600
161 0.9400
176 0.4200
187 0.4900
189 0.2400
201 0.0800
204 0.4100
207 0.0100
213 0.6800
214 0.0700
222 0.0100
226 0.9300
235 0.0600
237 0.0300
238 0.5700
254 0.0000
266 0.3200
282 0.5900
287 0.6500
290 1.0000
291 0.7900
292 0.7900
299 0.6400
309 0.8400
319 0.8000
320 0.0900
345 0.3100
365 0.4200
367 0.9200
371 0.0800
375 0.8300
384 0.9700
386 0.2400
400 0.0000
405 0.8600
421 0.2500
431 0.6900
453 0.0500
458 0.1800
466 0.0100
487 0.8500
497 0.0900
532 0.5700
540 0.4600
556 0.5800
568 0.4300
581 0.9200
593 0.2600
637 0.0100
652 0.1900
670 0.5000
678 0.6800
715 0.4900
717 0.9900
724 0.2700
764 0.0800
781 0.8400
823 0.7500
834 0.5700
851 0.0800
855 0.5000
863 0.0000
864 0.1600
886 0.0000
902 0.0900
934 0.1300
937 0.2800
968 0.8700
1035 0.0700
1037 0.0400
1038 0.1200
1049 0.4000
1053 0.0900
1070 0.7500
1072 0.8500
1078 0.2600
1108 0.1400
1114 0.8100
1119 0.8700
1126 0.2700
1128 0.0100
1167 0.0000
1255 0.0800
1313 0.9400
1329 0.6000
1352 0.8600
1476 0.0800
1511 0.0800
1760 0.0600
FRAME t=424403.591 src=52523 n=2113 nz=107 seen=1 seen=1
12 0.3100
14 0.0200
27 0.7000
29 0.7400
35 0.8400
39 0.1200
40 0.5700
44 0.5600
53 0.6300
59 1.0000
60 0.5500
76 0.8100
104 0.6800
107 0.8700
113 0.8000
120 0.7100
126 0.9400
130 0.5300
135 0.2400
136 0.0600
139 0.3700
143 0.9200
150 0.6500
161 0.9300
176 0.4100
177 1.0000
187 0.4800
189 0.2300
201 0.0700
204 0.4000
207 0.0000
213 0.6700
214 0.0600
222 0.0000
226 0.9200
235 0.0500
237 0.0200
238 0.5600
266 0.3100
282 0.5800
287 0.6400
290 0.9900
291 0.7800
292 0.7800
299 0.6300
309 0.8300
319 0.7900
320 0.0800
345 0.3000
365 0.4100
367 0.9100
371 0.0700
375 0.8200
384 0.9600
386 0.2300
405 0.8500
421 0.2400
431 0.6800
453 0.0400
458 0.1700
466 0.0000
487 0.8400
497 0.0800
532 0.5600
540 0.4500
556 0.5700
568 0.4200
581 0.9100
593 0.2500
637 0.0000
652 0.1800
670 0.4900
678 0.6700
715 0.4800
717 0.9800
724 0.2600
764 0.0700
781 0.8300
823 0.7400
834 0.5600
851 0.0700
855 0.4900
864 0.1500
902 0.0800
934 0.1200
937 0.2700
968 0.8600
1035 0.0600
1037 0.0300
1038 0.1100
1049 0.3900
1053 0.0800
1070 0.7400
1072 0.8400
1078 0.2500
1108 0.1300
1114 0.8000
1119 0.8600
1126 0.2600
1128 0.0000
1255 0.0700
1313 0.9300
1329 0.5900
1352 0.8500
1476 0.0700
1511 0.0700
1760 0.0500
FRAME t=424403.592 src=55324 n=2113 nz=119 seen=1 seen=1
18 0.5200
27 0.7000
29 0.7400
33 0.5400
35 0.8400
39 0.1200
40 0.5700
44 0.2100
45 0.6000
46 0.5600
52 0.0600
53 0.6300
57 0.2800
59 1.0000
60 0.5500
61 0.2100
79 0.0600
80 0.2500
104 0.6800
107 0.8700
113 0.8000
120 0.7100
130 0.5300
133 0.0600
135 0.2400
137 0.0200
139 0.3700
143 0.9200
150 0.6500
176 0.4100
177 1.0000
181 0.0600
187 0.4800
201 0.0700
204 0.4000
207 0.0000
211 0.5300
213 0.6700
217 0.3100
218 0.3200
222 0.0000
223 0.4200
226 0.9200
230 0.5100
235 0.0500
238 0.5600
264 0.6100
276 0.6100
282 0.5800
290 0.9900
291 0.7800
292 0.7800
299 0.6300
304 0.6400
313 0.0600
319 0.7900
320 0.0800
337 0.2500
345 0.3000
365 0.4100
371 0.0700
384 0.9600
389 0.8200
405 0.8500
421 0.2400
431 0.6800
451 0.2500
453 0.0600
458 0.1700
464 0.8100
466 0.0000
480 0.2000
484 0.8300
487 0.8400
497 0.0800
532 0.5600
540 0.4500
556 0.5700
559 0.0600
605 0.8100
609 0.0200
637 0.0000
645 0.0400
652 0.1800
667 0.2200
670 0.4900
678 0.6700
715 0.4800
724 0.2600
764 0.0700
769 0.6000
816 0.3100
823 0.7400
834 0.5600
851 0.0700
855 0.4900
864 0.1500
902 0.0800
934 0.1200
937 0.2700
968 0.8600
1038 0.1100
1049 0.3900
1053 0.0800
1070 0.7400
1072 0.8400
1108 0.1300
1114 0.8000
1119 0.8600
1126 0.2600
1128 0.0000
1212 0.0200
1255 0.0700
1313 0.9300
1329 0.5900
1352 0.8500
1476 0.0700
1511 0.0700
1760 0.0500
FRAME t=424403.611 src=55324 n=2113 nz=114 seen=1 seen=1
18 0.5100
27 0.6900
29 0.7300
33 0.5300
35 0.8300
39 0.1100
40 0.5600
44 0.2000
45 0.5900
46 0.5500
52 0.0500
53 0.6200
57 0.2700
59 0.9900
60 0.5400
61 0.2000
79 0.0500
80 0.2400
104 0.6700
107 0.8600
113 0.7900
120 0.7000
130 0.5200
133 0.0500
135 0.2300
137 0.0100
139 0.3600
143 0.9100
150 0.6400
176 0.4000
177 0.9900
181 0.0500
187 0.4700
201 0.0600
204 0.3900
211 0.5200
213 0.6600
217 0.3000
218 0.3100
223 0.4100
226 0.9100
230 0.5000
235 0.0400
238 0.5500
264 0.6000
276 0.6000
282 0.5700
290 0.9800
291 0.7700
292 0.7700
299 0.6200
304 0.6300
313 0.0500
319 0.7800
320 0.0700
337 0.2400
345 0.2900
365 0.4000
371 0.0600
384 0.9500
389 0.8100
405 0.8400
421 0.2300
431 0.6700
451 0.2400
453 0.0500
458 0.1600
464 0.8000
480 0.1900
484 0.8200
487 0.8300
497 0.0700
532 0.5500
540 0.4400
556 0.5600
559 0.0500
605 0.8000
609 0.0100
645 0.0300
652 0.1700
667 0.2100
670 0.4800
678 0.6600
715 0.4700
724 0.2500
764 0.0600
769 0.5900
816 0.3000
823 0.7300
834 0.5500
851 0.0600
855 0.4800
864 0.1400
902 0.0700
934 0.1100
937 0.2600
968 0.8500
1038 0.1000
1049 0.3800
1053 0.0700
1070 0.7300
1072 0.8300
1108 0.1200
1114 0.7900
1119 0.8500
1126 0.2500
1212 0.0100
1255 0.0600
1313 0.9200
1329 0.5800
1352 0.8400
1476 0.0600
1511 0.0600
1760 0.0400
FRAME t=424403.613 src=52523 n=2113 nz=102 seen=1 seen=1
12 0.3000
14 0.0100
27 0.6900
29 0.7300
35 0.8300
39 0.1100
40 0.5600
44 0.5500
53 0.6200
59 0.9900
60 0.5400
76 0.8000
104 0.6700
107 0.8600
113 0.7900
120 0.7000
126 0.9300
130 0.5200
135 0.2300
136 0.0500
139 0.3600
143 0.9100
150 0.6400
161 0.9200
176 0.4000
177 0.9900
187 0.4700
189 0.2200
201 0.0600
204 0.3900
213 0.6600
214 0.0500
226 0.9100
235 0.0400
237 0.0100
238 0.5500
266 0.3000
282 0.5700
287 0.6300
290 0.9800
291 0.7700
292 0.7700
299 0.6200
309 0.8200
319 0.7800
320 0.0700
345 0.2900
365 0.4000
367 0.9000
371 0.0600
375 0.8100
384 0.9500
386 0.2200
405 0.8400
421 0.2300
431 0.6700
453 0.0300
458 0.1600
487 0.8300
497 0.0700
532 0.5500
540 0.4400
556 0.5600
568 0.4100
581 0.9000
593 0.2400
652 0.1700
670 0.4800
678 0.6600
715 0.4700
717 0.9700
724 0.2500
764 0.0600
781 0.8200
823 0.7300
834 0.5500
851 0.0600
855 0.4800
864 0.1400
902 0.0700
934 0.1100
937 0.2600
968 0.8500
1035 0.0500
1037 0.0200
1038 0.1000
1049 0.3800
1053 0.0700
1070 0.7300
1072 0.8300
1078 0.2400
1108 0.1200
1114 0.7900
1119 0.8500
1126 0.2500
1255 0.0600
1313 0.9200
1329 0.5800
1352 0.8400
1476 0.0600
1511 0.0600
1760 0.0400
FRAME t=424403.633 src=52523 n=2113 nz=104 seen=1 seen=1
12 0.2900
14 0.0000
27 0.6800
29 0.7200
35 0.8200
39 0.1000
40 0.5500
44 0.5400
53 0.6100
59 0.9800
60 0.5300
76 0.7900
104 0.6600
107 0.8500
113 0.7800
120 0.6900
126 0.9200
130 0.5100
135 0.2200
136 0.0400
139 0.3500
143 0.9000
150 0.6300
161 0.9100
176 0.3900
177 0.9800
187 0.4600
189 0.2100
201 0.0500
204 0.3800
213 0.6500
214 0.0400
222 1.0000
226 0.9000
235 0.0300
237 0.0000
238 0.5400
266 0.2900
282 0.5600
287 0.6200
290 0.9700
291 0.7600
292 0.7600
299 0.6100
309 0.8100
319 0.7700
320 0.0600
345 0.2800
365 0.3900
367 0.8900
371 0.0500
375 0.8000
384 0.9400
386 0.2100
405 0.8300
421 0.2200
431 0.6600
453 0.0200
458 0.1500
487 0.8200
497 0.0600
532 0.5400
540 0.4300
556 0.5500
568 0.4000
581 0.8900
593 0.2300
652 0.1600
670 0.4700
678 0.6500
715 0.4600
717 0.9600
724 0.2400
764 0.0500
781 0.8100
786 1.0000
823 0.7200
834 0.5400
851 0.0500
855 0.4700
864 0.1300
902 0.0600
934 0.1000
937 0.2500
968 0.8400
1035 0.0400
1037 0.0100
1038 0.0900
1049 0.3700
1053 0.0600
1070 0.7200
1072 0.8200
1078 0.2300
1108 0.1100
1114 0.7800
1119 0.8400
1126 0.2400
1255 0.0500
1313 0.9100
1329 0.5700
1352 0.8300
1476 0.0500
1511 0.0500
1760 0.0300
FRAME t=424403.634 src=55324 n=2113 nz=116 seen=1 seen=1
18 0.5000
27 0.6800
29 0.7200
33 0.5200
35 0.8200
39 0.1000
40 0.5500
44 0.1900
45 0.5800
46 0.5400
52 0.0400
53 0.6100
57 0.2600
59 0.9800
60 0.5300
61 0.1900
79 0.0400
80 0.2300
104 0.6600
107 0.8500
113 0.7800
120 0.6900
130 0.5100
133 0.0400
135 0.2200
137 0.0000
139 0.3500
143 0.9000
150 0.6300
176 0.3900
177 0.9800
181 0.0400
187 0.4600
201 0.0500
204 0.3800
211 0.5100
213 0.6500
217 0.2900
218 0.3000
222 1.0000
223 0.4000
226 0.9000
230 0.4900
235 0.0300
238 0.5400
264 0.5900
276 0.5900
282 0.5600
290 0.9700
291 0.7600
292 0.7600
299 0.6100
304 0.6200
313 0.0400
319 0.7700
320 0.0600
337 0.2300
345 0.2800
365 0.3900
371 0.0500
384 0.9400
389 0.8000
405 0.8300
421 0.2200
431 0.6600
451 0.2300
453 0.0400
458 0.1500
464 0.7900
480 0.1800
484 0.8100
487 0.8200
497 0.0600
532 0.5400
540 0.4300
556 0.5500
559 0.0400
605 0.7900
609 0.0000
645 0.0200
652 0.1600
667 0.2000
670 0.4700
678 0.6500
715 0.4600
724 0.2400
764 0.0500
769 0.5800
786 1.0000
816 0.2900
823 0.7200
834 0.5400
851 0.0500
855 0.4700
864 0.1300
902 0.0600
934 0.1000
937 0.2500
968 0.8400
1038 0.0900
1049 0.3700
1053 0.0600
1070 0.7200
1072 0.8200
1108 0.1100
1114 0.7800
1119 0.8400
1126 0.2400
1212 0.0000
1255 0.0500
1313 0.9100
1329 0.5700
1352 0.8300
1476 0.0500
1511 0.0500
1760 0.0300
FRAME t=424403.656 src=52523 n=2113 nz=103 seen=1 seen=1
12 0.2800
27 0.6700
29 0.7100
35 0.8100
39 0.0900
40 0.5400
44 0.5300
53 0.6000
59 0.9700
60 0.5200
76 0.7800
104 0.6500
107 0.8400
113 0.7700
120 0.6800
126 0.9100
130 0.5000
135 0.2100
136 0.0300
139 0.3400
143 0.8900
150 0.6200
161 0.9000
176 0.3800
177 0.9700
187 0.4500
189 0.2000
201 0.0400
204 0.3700
213 0.6400
214 0.0300
222 0.9900
226 0.8900
235 0.0200
238 0.5300
266 0.2800
282 0.5500
287 0.6100
290 0.9600
291 0.7500
292 0.7500
299 0.6000
309 0.8000
319 0.7600
320 0.0500
345 0.2700
365 0.3800
367 0.8800
371 0.0400
375 0.7900
384 0.9300
386 0.2000
405 0.8200
421 0.2100
431 0.6500
453 0.0100
458 0.1400
487 0.8100
497 0.0500
532 0.5300
540 0.4200
556 0.5400
568 0.3900
581 0.8800
593 0.2200
652 0.1500
670 0.4600
678 0.6400
715 0.4500
717 0.9500
724 0.2300
757 1.0000
764 0.0400
781 0.8000
786 0.9900
823 0.7100
834 0.5300
851 0.0400
855 0.4600
864 0.1200
902 0.0500
934 0.0900
937 0.2400
968 0.8300
1035 0.0300
1037 0.0000
1038 0.0800
1049 0.3600
1053 0.0500
1070 0.7100
1072 0.8100
1078 0.2200
1108 0.1000
1114 0.7700
1119 0.8300
1126 0.2300
1255 0.0400
1313 0.9000
1329 0.5600
1352 0.8200
1476 0.0400
1511 0.0400
1760 0.0200
FRAME t=424403.677 src=52523 n=2113 nz=102 seen=1 seen=1
12 0.2700
27 0.6600
29 0.7000
35 0.8000
39 0.0800
40 0.5300
44 0.5200
53 0.5900
59 0.9600
60 0.5100
76 0.7700
104 0.6400
107 0.8300
113 0.7600
120 0.6700
126 0.9000
130 0.4900
135 0.2000
136 0.0200
139 0.3300
143 0.8800
150 0.6100
161 0.8900
176 0.3700
177 0.9600
187 0.4400
189 0.1900
201 0.0300
204 0.3600
213 0.6300
214 0.0200
222 0.9800
226 0.8800
235 0.0100
238 0.5200
266 0.2700
282 0.5400
287 0.6000
290 0.9500
291 0.7400
292 0.7400
299 0.5900
309 0.7900
319 0.7500
320 0.0400
345 0.2600
365 0.3700
367 0.8700
371 0.0300
375 0.7800
384 0.9200
386 0.1900
405 0.8100
421 0.2000
431 0.6400
453 0.0000
458 0.1300
487 0.8000
497 0.0400
532 0.5200
540 0.4100
556 0.5300
568 0.3800
581 0.8700
593 0.2100
652 0.1400
670 0.4500
678 0.6300
715 0.4400
717 0.9400
724 0.2200
757 0.9900
764 0.0300
781 0.7900
786 0.9800
823 0.7000
834 0.5200
851 0.0300
855 0.4500
864 0.1100
902 0.0400
934 0.0800
937 0.2300
968 0.8200
1035 0.0200
1038 0.0700
1049 0.3500
1053 0.0400
1070 0.7000
1072 0.8000
1078 0.2100
1108 0.0900
1114 0.7600
1119 0.8200
1126 0.2200
1255 0.0300
1313 0.8900
1329 0.5500
1352 0.8100
1476 0.0300
1511 0.0300
1760 0.0100
FRAME t=424403.697 src=55324 n=2113 nz=113 seen=1 seen=1
18 0.4700
27 0.6500
29 0.6900
33 0.4900
35 0.7900
39 0.0700
40 0.5200
44 0.1600
45 0.5500
46 0.5100
52 0.0100
53 0.5800
57 0.2300
59 0.9500
60 0.5000
61 0.1600
79 0.0100
80 0.2000
104 0.6300
107 0.8200
113 0.7500
120 0.6600
130 0.4800
133 0.0100
135 0.1900
139 0.3200
143 0.8700
150 0.6000
176 0.3600
177 0.9500
181 0.0100
187 0.4300
201 0.0200
204 0.3500
211 0.4800
213 0.6200
217 0.2600
218 0.2700
222 0.9700
223 0.3700
226 0.8700
230 0.4600
235 0.0000
238 0.5100
264 0.5600
276 0.5600
282 0.5300
290 0.9400
291 0.7300
292 0.7300
299 0.5800
304 0.5900
313 0.0100
319 0.7400
320 0.0300
337 0.2000
345 0.2500
365 0.3600
371 0.0200
384 0.9100
389 0.7700
405 0.8000
421 0.1900
431 0.6300
451 0.2000
453 0.0100
458 0.1200
464 0.7600
480 0.1500
484 0.7800
487 0.7900
497 0.0300
532 0.5100
540 0.4000
556 0.5200
559 0.0100
605 0.7600
652 0.1300
667 0.1700
670 0.4400
678 0.6200
715 0.4300
724 0.2100
757 0.9800
764 0.0200
769 0.5500
786 0.9700
816 0.2600
823 0.6900
834 0.5100
851 0.0200
855 0.4400
864 0.1000
902 0.0300
934 0.0700
937 0.2200
968 0.8100
1038 0.0600
1049 0.3400
1053 0.0300
1070 0.6900
1072 0.7900
1108 0.0800
1114 0.7500
1119 0.8100
1126 0.2100
1255 0.0200
1313 0.8800
1329 0.5400
1352 0.8000
1476 0.0200
1511 0.0200
1760 0.0000
FRAME t=424403.699 src=52523 n=2113 nz=101 seen=1 seen=1
12 0.2600
27 0.6500
29 0.6900
35 0.7900
39 0.0700
40 0.5200
44 0.5100
53 0.5800
59 0.9500
60 0.5000
76 0.7600
104 0.6300
107 0.8200
113 0.7500
120 0.6600
126 0.8900
130 0.4800
135 0.1900
136 0.0100
139 0.3200
143 0.8700
150 0.6000
161 0.8800
176 0.3600
177 0.9500
187 0.4300
189 0.1800
201 0.0200
204 0.3500
213 0.6200
214 0.0100
222 0.9700
226 0.8700
235 0.0000
238 0.5100
266 0.2600
282 0.5300
287 0.5900
290 0.9400
291 0.7300
292 0.7300
299 0.5800
309 0.7800
319 0.7400
320 0.0300
345 0.2500
365 0.3600
367 0.8600
371 0.0200
375 0.7700
384 0.9100
386 0.1800
405 0.8000
421 0.1900
431 0.6300
458 0.1200
487 0.7900
497 0.0300
532 0.5100
540 0.4000
556 0.5200
568 0.3700
581 0.8600
593 0.2000
652 0.1300
670 0.4400
678 0.6200
715 0.4300
717 0.9300
724 0.2100
757 0.9800
764 0.0200
781 0.7800
786 0.9700
823 0.6900
834 0.5100
851 0.0200
855 0.4400
864 0.1000
902 0.0300
934 0.0700
937 0.2200
968 0.8100
1035 0.0100
1038 0.0600
1049 0.3400
1053 0.0300
1070 0.6900
1072 0.7900
1078 0.2000
1108 0.0800
1114 0.7500
1119 0.8100
1126 0.2100
1255 0.0200
1313 0.8800
1329 0.5400
1352 0.8000
1476 0.0200
1511 0.0200
1760 0.0000
FRAME t=424403.719 src=52523 n=2113 nz=99 seen=1 seen=1
12 0.2500
27 0.6400
29 0.6800
35 0.7800
39 0.0600
40 0.5100
44 0.5000
53 0.5700
59 0.9400
60 0.4900
76 0.7500
104 0.6200
107 0.8100
113 0.7400
120 0.6500
126 0.8800
130 0.4700
135 0.1800
136 0.0000
139 0.3100
143 0.8600
150 0.5900
161 0.8700
176 0.3500
177 0.9400
187 0.4200
189 0.1700
201 0.0100
204 0.3400
213 0.6100
214 0.0000
222 0.9600
226 0.8600
238 0.5000
266 0.2500
282 0.5200
287 0.5800
290 0.9300
291 0.7200
292 0.7200
299 0.5700
309 0.7700
319 0.7300
320 0.0200
345 0.2400
365 0.3500
367 0.8500
371 0.0100
375 0.7600
384 0.9000
386 0.1700
405 0.7900
421 0.1800
431 0.6200
458 0.1100
487 0.7800
497 0.0200
532 0.5000
540 0.3900
556 0.5100
568 0.3600
581 0.8500
593 0.1900
652 0.1200
670 0.4300
678 0.6100
715 0.4200
717 0.9200
724 0.2000
757 0.9700
764 0.0100
781 0.7700
786 0.9600
823 0.6800
834 0.5000
851 0.0100
855 0.4300
864 0.0900
902 0.0200
934 0.0600
937 0.2100
968 0.8000
1035 0.0000
1038 0.0500
1049 0.3300
1053 0.0200
1070 0.6800
1072 0.7800
1078 0.1900
1108 0.0700
1114 0.7400
1119 0.8000
1126 0.2000
1255 0.0100
1313 0.8700
1329 0.5300
1352 0.7900
1476 0.0100
1511 0.0100
FRAME t=424403.720 src=55324 n=2113 nz=111 seen=1 seen=1
18 0.4600
27 0.6400
29 0.6800
33 0.4800
35 0.7800
39 0.0600
40 0.5100
44 0.1500
45 0.5400
46 0.5000
52 0.0000
53 0.5700
57 0.2200
59 0.9400
60 0.4900
61 0.1500
79 0.0000
80 0.1900
104 0.6200
107 0.8100
113 0.7400
120 0.6500
130 0.4700
133 0.0000
135 0.1800
139 0.3100
143 0.8600
150 0.5900
176 0.3500
177 0.9400
181 0.0000
187 0.4200
201 0.0100
204 0.3400
211 0.4700
213 0.6100
217 0.2500
218 0.2600
222 0.9600
223 0.3600
226 0.8600
230 0.4500
238 0.5000
264 0.5500
276 0.5500
282 0.5200
290 0.9300
291 0.7200
292 0.7200
299 0.5700
304 0.5800
313 0.0000
319 0.7300
320 0.0200
337 0.1900
345 0.2400
365 0.3500
371 0.0100
384 0.9000
389 0.7600
405 0.7900
421 0.1800
431 0.6200
451 0.1900
453 0.0000
458 0.1100
464 0.7500
480 0.1400
484 0.7700
487 0.7800
497 0.0200
532 0.5000
540 0.3900
556 0.5100
559 0.0000
605 0.7500
652 0.1200
667 0.1600
670 0.4300
678 0.6100
715 0.4200
724 0.2000
757 0.9700
764 0.0100
769 0.5400
786 0.9600
816 0.2500
823 0.6800
834 0.5000
851 0.0100
855 0.4300
864 0.0900
902 0.0200
934 0.0600
937 0.2100
968 0.8000
1038 0.0500
1049 0.3300
1053 0.0200
1070 0.6800
1072 0.7800
1108 0.0700
1114 0.7400
1119 0.8000
1126 0.2000
1255 0.0100
1313 0.8700
1329 0.5300
1352 0.7900
1476 0.0100
1511 0.0100
FRAME t=424403.739 src=55324 n=2113 nz=104 seen=1 seen=1
18 0.4500
27 0.6300
29 0.6700
33 0.4700
35 0.7700
39 0.0500
40 0.5000
44 0.1400
45 0.5300
46 0.4900
53 0.5600
57 0.2100
59 0.9300
60 0.4800
61 0.1400
80 0.1800
104 0.6100
107 0.8000
113 0.7300
120 0.6400
130 0.4600
135 0.1700
139 0.3000
143 0.8500
150 0.5800
176 0.3400
177 0.9300
187 0.4100
201 0.0000
204 0.3300
211 0.4600
213 0.6000
217 0.2400
218 0.2500
222 0.9500
223 0.3500
226 0.8500
230 0.4400
238 0.4900
264 0.5400
276 0.5400
282 0.5100
290 0.9200
291 0.7100
292 0.7100
299 0.5600
304 0.5700
319 0.7200
320 0.0100
337 0.1800
345 0.2300
365 0.3400
371 0.0000
384 0.8900
389 0.7500
405 0.7800
421 0.1700
431 0.6100
451 0.1800
458 0.1000
464 0.7400
480 0.1300
484 0.7600
487 0.7700
497 0.0100
532 0.4900
540 0.3800
556 0.5000
605 0.7400
652 0.1100
667 0.1500
670 0.4200
678 0.6000
715 0.4100
724 0.1900
757 0.9600
764 0.0000
769 0.5300
786 0.9500
816 0.2400
823 0.6700
834 0.4900
851 0.0000
855 0.4200
864 0.0800
902 0.0100
934 0.0500
937 0.2000
968 0.7900
1038 0.0400
1049 0.3200
1053 0.0100
1070 0.6700
1072 0.7700
1108 0.0600
1114 0.7300
1119 0.7900
1126 0.1900
1255 0.0000
1313 0.8600
1329 0.5200
1352 0.7800
1476 0.0000
1511 0.0000
FRAME t=424403.740 src=52523 n=2113 nz=96 seen=1 seen=1
12 0.2400
27 0.6300
29 0.6700
35 0.7700
39 0.0500
40 0.5000
44 0.4900
53 0.5600
59 0.9300
60 0.4800
76 0.7400
104 0.6100
107 0.8000
113 0.7300
120 0.6400
126 0.8700
130 0.4600
135 0.1700
139 0.3000
143 0.8500
150 0.5800
161 0.8600
176 0.3400
177 0.9300
187 0.4100
189 0.1600
201 0.0000
204 0.3300
213 0.6000
222 0.9500
226 0.8500
238 0.4900
266 0.2400
282 0.5100
287 0.5700
290 0.9200
291 0.7100
292 0.7100
299 0.5600
309 0.7600
319 0.7200
320 0.0100
345 0.2300
365 0.3400
367 0.8400
371 0.0000
375 0.7500
384 0.8900
386 0.1600
405 0.7800
421 0.1700
431 0.6100
458 0.1000
487 0.7700
497 0.0100
532 0.4900
540 0.3800
556 0.5000
568 0.3500
581 0.8400
593 0.1800
652 0.1100
670 0.4200
678 0.6000
715 0.4100
717 0.9100
724 0.1900
757 0.9600
764 0.0000
781 0.7600
786 0.9500
823 0.6700
834 0.4900
851 0.0000
855 0.4200
864 0.0800
902 0.0100
934 0.0500
937 0.2000
968 0.7900
1038 0.0400
1049 0.3200
1053 0.0100
1070 0.6700
1072 0.7700
1078 0.1800
1108 0.0600
1114 0.7300
1119 0.7900
1126 0.1900
1255 0.0000
1313 0.8600
1329 0.5200
1352 0.7800
1476 0.0000
1511 0.0000
FRAME t=424403.762 src=52523 n=2113 nz=90 seen=1 seen=1
12 0.2300
27 0.6200
29 0.6600
35 0.7600
39 0.0400
40 0.4900
44 0.4800
53 0.5500
59 0.9200
60 0.4700
76 0.7300
104 0.6000
107 0.7900
113 0.7200
120 0.6300
126 0.8600
130 0.4500
135 0.1600
139 0.2900
143 0.8400
150 0.5700
161 0.8500
176 0.3300
177 0.9200
187 0.4000
189 0.1500
204 0.3200
213 0.5900
222 0.9400
226 0.8400
238 0.4800
266 0.2300
282 0.5000
287 0.5600
290 0.9100
291 0.7000
292 0.7000
299 0.5500
309 0.7500
319 0.7100
320 0.0000
345 0.2200
365 0.3300
367 0.8300
375 0.7400
384 0.8800
386 0.1500
405 0.7700
421 0.1600
431 0.6000
458 0.0900
487 0.7600
497 0.0000
532 0.4800
540 0.3700
556 0.4900
568 0.3400
581 0.8300
593 0.1700
652 0.1000
670 0.4100
678 0.5900
715 0.4000
717 0.9000
724 0.1800
757 0.9500
777 1.0000
781 0.7500
786 0.9400
823 0.6600
834 0.4800
855 0.4100
864 0.0700
902 0.0000
934 0.0400
937 0.1900
968 0.7800
1038 0.0300
1049 0.3100
1053 0.0000
1070 0.6600
1072 0.7600
1078 0.1700
1108 0.0500
1114 0.7200
1119 0.7800
1126 0.1800
1313 0.8500
1329 0.5100
1352 0.7700
FRAME t=424403.763 src=55324 n=2113 nz=98 seen=1 seen=1
18 0.4400
27 0.6200
29 0.6600
33 0.4600
35 0.7600
39 0.0400
40 0.4900
44 0.1300
45 0.5200
46 0.4800
53 0.5500
57 0.2000
59 0.9200
60 0.4700
61 0.1300
80 0.1700
104 0.6000
107 0.7900
113 0.7200
120 0.6300
130 0.4500
135 0.1600
139 0.2900
143 0.8400
150 0.5700
176 0.3300
177 0.9200
187 0.4000
204 0.3200
211 0.4500
213 0.5900
217 0.2300
218 0.2400
222 0.9400
223 0.3400
226 0.8400
230 0.4300
238 0.4800
264 0.5300
276 0.5300
282 0.5000
290 0.9100
291 0.7000
292 0.7000
299 0.5500
304 0.5600
319 0.7100
320 0.0000
337 0.1700
345 0.2200
365 0.3300
384 0.8800
389 0.7400
405 0.7700
421 0.1600
431 0.6000
451 0.1700
458 0.0900
464 0.7300
480 0.1200
484 0.7500
487 0.7600
497 0.0000
532 0.4800
540 0.3700
556 0.4900
605 0.7300
652 0.1000
667 0.1400
670 0.4100
678 0.5900
715 0.4000
724 0.1800
757 0.9500
769 0.5200
777 1.0000
786 0.9400
816 0.2300
823 0.6600
834 0.4800
855 0.4100
864 0.0700
902 0.0000
934 0.0400
937 0.1900
968 0.7800
1038 0.0300
1049 0.3100
1053 0.0000
1070 0.6600
1072 0.7600
1108 0.0500
1114 0.7200
1119 0.7800
1126 0.1800
1313 0.8500
1329 0.5100
1352 0.7700
FRAME t=424403.844 src=52523 n=2113 nz=86 seen=1 seen=1
12 0.1900
27 0.5800
29 0.6200
35 0.7200
39 0.0000
40 0.4500
44 0.4400
53 0.5100
59 0.8800
60 0.4300
76 0.6900
104 0.5600
107 0.7500
113 0.6800
120 0.5900
126 0.8200
130 0.4100
135 0.1200
139 0.2500
143 0.8000
150 0.5300
161 0.8100
176 0.2900
177 0.8800
187 0.3600
189 0.1100
204 0.2800
213 0.5500
222 0.9000
223 1.0000
226 0.8000
238 0.4400
266 0.1900
282 0.4600
287 0.5200
290 0.8700
291 0.6600
292 0.6600
299 0.5100
309 0.7100
319 0.6700
345 0.1800
365 0.2900
367 0.7900
375 0.7000
384 0.8400
386 0.1100
405 0.7300
421 0.1200
431 0.5600
458 0.0500
487 0.7200
532 0.4400
540 0.3300
556 0.4500
568 0.3000
581 0.7900
593 0.1300
652 0.0600
670 0.3700
678 0.5500
715 0.3600
717 0.8600
724 0.1400
757 0.9100
777 0.9600
781 0.7100
786 0.9000
823 0.6200
834 0.4400
855 0.3700
864 0.0300
934 0.0000
937 0.1500
968 0.7400
1049 0.2700
1070 0.6200
1072 0.7200
1078 0.1300
1108 0.0100
1114 0.6800
1119 0.7400
1126 0.1400
1313 0.8100
1329 0.4700
1352 0.7300
FRAME t=424403.845 src=55324 n=2113 nz=93 seen=1 seen=1
18 0.4000
27 0.5800
29 0.6200
33 0.4200
35 0.7200
39 0.0000
40 0.4500
44 0.0900
45 0.4800
46 0.4400
53 0.5100
57 0.1600
59 0.8800
60 0.4300
61 0.0900
80 0.1300
104 0.5600
107 0.7500
113 0.6800
120 0.5900
130 0.4100
135 0.1200
139 0.2500
143 0.8000
150 0.5300
176 0.2900
177 0.8800
187 0.3600
204 0.2800
211 0.4100
213 0.5500
217 0.1900
218 0.2000
222 0.9000
223 1.0000
226 0.8000
230 0.3900
238 0.4400
264 0.4900
276 0.4900
282 0.4600
290 0.8700
291 0.6600
292 0.6600
299 0.5100
304 0.5200
319 0.6700
337 0.1300
345 0.1800
365 0.2900
384 0.8400
389 0.7000
405 0.7300
421 0.1200
431 0.5600
451 0.1300
458 0.0500
464 0.6900
480 0.0800
484 0.7100
487 0.7200
532 0.4400
540 0.3300
556 0.4500
605 0.6900
652 0.0600
667 0.1000
670 0.3700
678 0.5500
715 0.3600
724 0.1400
757 0.9100
769 0.4800
777 0.9600
786 0.9000
816 0.1900
823 0.6200
834 0.4400
855 0.3700
864 0.0300
934 0.0000
937 0.1500
968 0.7400
1049 0.2700
1070 0.6200
1072 0.7200
1108 0.0100
1114 0.6800
1119 0.7400
1126 0.1400
1313 0.8100
1329 0.4700
1352 0.7300
FRAME t=424403.863 src=55324 n=2113 nz=93 seen=1 seen=1
18 0.3900
27 0.5700
29 0.6100
33 0.4100
35 0.7100
40 0.4400
44 0.0800
45 0.4700
46 0.4300
53 0.5000
57 0.1500
59 0.8700
60 0.4200
61 0.0800
80 0.1200
104 0.5500
107 0.7400
113 0.6700
120 0.5800
130 0.4000
135 0.1100
139 0.2400
143 0.7900
150 0.5200
176 0.2800
177 0.8700
187 0.3500
204 0.2700
211 0.4000
213 0.5400
217 0.1800
218 0.1900
222 0.8900
223 0.9900
226 0.7900
230 0.3800
238 0.4300
264 0.4800
276 0.4800
282 0.4500
286 1.0000
290 0.8600
291 0.6500
292 0.6500
299 0.5000
304 0.5100
319 0.6600
337 0.1200
345 0.1700
365 0.2800
384 0.8300
389 0.6900
405 0.7200
408 1.0000
421 0.1100
431 0.5500
451 0.1200
458 0.0400
464 0.6800
480 0.0700
484 0.7000
487 0.7100
532 0.4300
540 0.3200
556 0.4400
605 0.6800
652 0.0500
667 0.0900
670 0.3600
678 0.5400
715 0.3500
724 0.1300
757 0.9000
769 0.4700
777 0.9500
786 0.8900
816 0.1800
823 0.6100
834 0.4300
855 0.3600
864 0.0200
937 0.1400
968 0.7300
1049 0.2600
1070 0.6100
1072 0.7100
1108 0.0000
1114 0.6700
1119 0.7300
1126 0.1300
1313 0.8000
1329 0.4600
1352 0.7200
FRAME t=424403.864 src=52523 n=2113 nz=86 seen=1 seen=1
12 0.1800
27 0.5700
29 0.6100
35 0.7100
40 0.4400
44 0.4300
53 0.5000
59 0.8700
60 0.4200
76 0.6800
104 0.5500
107 0.7400
113 0.6700
120 0.5800
126 0.8100
130 0.4000
135 0.1100
139 0.2400
143 0.7900
150 0.5200
161 0.8000
176 0.2800
177 0.8700
187 0.3500
189 0.1000
204 0.2700
213 0.5400
222 0.8900
223 0.9900
226 0.7900
238 0.4300
266 0.1800
282 0.4500
286 1.0000
287 0.5100
290 0.8600
291 0.6500
292 0.6500
299 0.5000
309 0.7000
319 0.6600
345 0.1700
365 0.2800
367 0.7800
375 0.6900
384 0.8300
386 0.1000
405 0.7200
408 1.0000
421 0.1100
431 0.5500
458 0.0400
487 0.7100
532 0.4300
540 0.3200
556 0.4400
568 0.2900
581 0.7800
593 0.1200
652 0.0500
670 0.3600
678 0.5400
715 0.3500
717 0.8500
724 0.1300
757 0.9000
777 0.9500
781 0.7000
786 0.8900
823 0.6100
834 0.4300
855 0.3600
864 0.0200
937 0.1400
968 0.7300
1049 0.2600
1070 0.6100
1072 0.7100
1078 0.1200
1108 0.0000
1114 0.6700
1119 0.7300
1126 0.1300
1313 0.8000
1329 0.4600
1352 0.7200
FRAME t=424403.927 src=52523 n=2113 nz=84 seen=1 seen=1
12 0.1500
27 0.5400
29 0.5800
35 0.6800
40 0.4100
44 0.4000
53 0.4700
59 0.8400
60 0.3900
76 0.6500
104 0.5200
107 0.7100
113 0.6400
120 0.5500
126 0.7800
130 0.3700
135 0.0800
139 0.2100
143 0.7600
150 0.4900
161 0.7700
176 0.2500
177 0.8400
187 0.3200
189 0.0700
204 0.2400
213 0.5100
222 0.8600
223 0.9600
226 0.7600
238 0.4000
266 0.1500
282 0.4200
286 0.9700
287 0.4800
290 0.8300
291 0.6200
292 0.6200
299 0.4700
309 0.6700
319 0.6300
345 0.1400
365 0.2500
367 0.7500
375 0.6600
384 0.8000
386 0.0700
405 0.6900
408 0.9700
421 0.0800
431 0.5200
458 0.0100
487 0.6800
532 0.4000
540 0.2900
556 0.4100
568 0.2600
581 0.7500
593 0.0900
652 0.0200
670 0.3300
678 0.5100
715 0.3200
717 0.8200
724 0.1000
757 0.8700
777 0.9200
781 0.6700
786 0.8600
823 0.5800
834 0.4000
855 0.3300
937 0.1100
968 0.7000
1049 0.2300
1070 0.5800
1072 0.6800
1078 0.0900
1114 0.6400
1119 0.7000
1126 0.1000
1313 0.7700
1329 0.4300
1352 0.6900
FRAME t=424403.928 src=55324 n=2113 nz=91 seen=1 seen=1
18 0.3600
27 0.5400
29 0.5800
33 0.3800
35 0.6800
40 0.4100
44 0.0500
45 0.4400
46 0.4000
53 0.4700
57 0.1200
59 0.8400
60 0.3900
61 0.0500
80 0.0900
104 0.5200
107 0.7100
113 0.6400
120 0.5500
130 0.3700
135 0.0800
139 0.2100
143 0.7600
150 0.4900
176 0.2500
177 0.8400
187 0.3200
204 0.2400
211 0.3700
213 0.5100
217 0.1500
218 0.1600
222 0.8600
223 0.9600
226 0.7600
230 0.3500
238 0.4000
264 0.4500
276 0.4500
282 0.4200
286 0.9700
290 0.8300
291 0.6200
292 0.6200
299 0.4700
304 0.4800
319 0.6300
337 0.0900
345 0.1400
365 0.2500
384 0.8000
389 0.6600
405 0.6900
408 0.9700
421 0.0800
431 0.5200
451 0.0900
458 0.0100
464 0.6500
480 0.0400
484 0.6700
487 0.6800
532 0.4000
540 0.2900
556 0.4100
605 0.6500
652 0.0200
667 0.0600
670 0.3300
678 0.5100
715 0.3200
724 0.1000
757 0.8700
769 0.4400
777 0.9200
786 0.8600
816 0.1500
823 0.5800
834 0.4000
855 0.3300
937 0.1100
968 0.7000
1049 0.2300
1070 0.5800
1072 0.6800
1114 0.6400
1119 0.7000
1126 0.1000
1313 0.7700
1329 0.4300
1352 0.6900
FRAME t=424403.948 src=55324 n=2113 nz=94 seen=1 seen=1
18 0.3500
27 0.5300
29 0.5700
33 0.3700
35 0.6700
40 0.4000
44 0.0400
45 0.4300
46 0.3900
53 0.4600
57 0.1100
59 0.8300
60 0.3800
61 0.0400
80 0.0800
104 0.5100
107 0.7000
113 0.6300
120 0.5400
130 0.3600
135 0.0700
139 0.2000
143 0.7500
150 0.4800
176 0.2400
177 0.8300
187 0.3100
204 0.2300
211 0.3600
213 0.5000
217 0.1400
218 0.1500
222 0.8500
223 0.9500
226 0.7500
230 0.3400
238 0.3900
264 0.4400
276 0.4400
282 0.4100
286 0.9600
290 0.8200
291 0.6100
292 0.6100
299 0.4600
304 0.4700
319 0.6200
337 0.0800
345 0.1300
365 0.2400
381 1.0000
384 0.7900
389 0.6500
405 0.6800
408 0.9600
421 0.0700
431 0.5100
450 1.0000
451 0.0800
458 0.0000
464 0.6400
480 0.0300
484 0.6600
487 0.6700
532 0.3900
540 0.2800
556 0.4000
605 0.6400
652 0.0100
667 0.0500
670 0.3200
678 0.5000
715 0.3100
724 0.0900
757 0.8600
769 0.4300
777 0.9100
786 0.8500
816 0.1400
823 0.5700
834 0.3900
855 0.3200
937 0.1000
968 0.6900
1049 0.2200
1070 0.5700
1072 0.6700
1114 0.6300
1119 0.6900
1126 0.0900
1313 0.7600
1329 0.4200
1352 0.6800
1487 1.0000
FRAME t=424403.949 src=52523 n=2113 nz=87 seen=1 seen=1
12 0.1400
27 0.5300
29 0.5700
35 0.6700
40 0.4000
44 0.3900
53 0.4600
59 0.8300
60 0.3800
76 0.6400
104 0.5100
107 0.7000
113 0.6300
120 0.5400
126 0.7700
130 0.3600
135 0.0700
139 0.2000
143 0.7500
150 0.4800
161 0.7600
176 0.2400
177 0.8300
187 0.3100
189 0.0600
204 0.2300
213 0.5000
222 0.8500
223 0.9500
226 0.7500
238 0.3900
266 0.1400
282 0.4100
286 0.9600
287 0.4700
290 0.8200
291 0.6100
292 0.6100
299 0.4600
309 0.6600
319 0.6200
345 0.1300
365 0.2400
367 0.7400
375 0.6500
381 1.0000
384 0.7900
386 0.0600
405 0.6800
408 0.9600
421 0.0700
431 0.5100
450 1.0000
458 0.0000
487 0.6700
532 0.3900
540 0.2800
556 0.4000
568 0.2500
581 0.7400
593 0.0800
652 0.0100
670 0.3200
678 0.5000
715 0.3100
717 0.8100
724 0.0900
757 0.8600
777 0.9100
781 0.6600
786 0.8500
823 0.5700
834 0.3900
855 0.3200
937 0.1000
968 0.6900
1049 0.2200
1070 0.5700
1072 0.6700
1078 0.0800
1114 0.6300
1119 0.6900
1126 0.0900
1313 0.7600
1329 0.4200
1352 0.6800
1487 1.0000
FRAME t=424403.969 src=52523 n=2113 nz=86 seen=1 seen=1
12 0.1300
27 0.5200
29 0.5600
35 0.6600
40 0.3900
44 0.3800
53 0.4500
59 0.8200
60 0.3700
76 0.6300
104 0.5000
107 0.6900
113 0.6200
120 0.5300
126 0.7600
130 0.3500
135 0.0600
139 0.1900
143 0.7400
150 0.4700
161 0.7500
176 0.2300
177 0.8200
187 0.3000
189 0.0500
204 0.2200
213 0.4900
222 0.8400
223 0.9400
226 0.7400
238 0.3800
266 0.1300
282 0.4000
286 0.9500
287 0.4600
290 0.8100
291 0.6000
292 0.6000
299 0.4500
309 0.6500
319 0.6100
345 0.1200
365 0.2300
367 0.7300
375 0.6400
381 0.9900
384 0.7800
386 0.0500
405 0.6700
408 0.9500
421 0.0600
431 0.5000
450 0.9900
487 0.6600
532 0.3800
540 0.2700
556 0.3900
568 0.2400
581 0.7300
593 0.0700
652 0.0000
670 0.3100
678 0.4900
715 0.3000
717 0.8000
724 0.0800
757 0.8500
777 0.9000
781 0.6500
786 0.8400
823 0.5600
834 0.3800
855 0.3100
937 0.0900
968 0.6800
1049 0.2100
1070 0.5600
1072 0.6600
1078 0.0700
1114 0.6200
1119 0.6800
1126 0.0800
1313 0.7500
1329 0.4100
1352 0.6700
1487 0.9900
FRAME t=424403.970 src=55324 n=2113 nz=93 seen=1 seen=1
18 0.3400
27 0.5200
29 0.5600
33 0.3600
35 0.6600
40 0.3900
44 0.0300
45 0.4200
46 0.3800
53 0.4500
57 0.1000
59 0.8200
60 0.3700
61 0.0300
80 0.0700
104 0.5000
107 0.6900
113 0.6200
120 0.5300
130 0.3500
135 0.0600
139 0.1900
143 0.7400
150 0.4700
176 0.2300
177 0.8200
187 0.3000
204 0.2200
211 0.3500
213 0.4900
217 0.1300
218 0.1400
222 0.8400
223 0.9400
226 0.7400
230 0.3300
238 0.3800
264 0.4300
276 0.4300
282 0.4000
286 0.9500
290 0.8100
291 0.6000
292 0.6000
299 0.4500
304 0.4600
319 0.6100
337 0.0700
345 0.1200
365 0.2300
381 0.9900
384 0.7800
389 0.6400
405 0.6700
408 0.9500
421 0.0600
431 0.5000
450 0.9900
451 0.0700
464 0.6300
480 0.0200
484 0.6500
487 0.6600
532 0.3800
540 0.2700
556 0.3900
605 0.6300
652 0.0000
667 0.0400
670 0.3100
678 0.4900
715 0.3000
724 0.0800
757 0.8500
769 0.4200
777 0.9000
786 0.8400
816 0.1300
823 0.5600
834 0.3800
855 0.3100
937 0.0900
968 0.6800
1049 0.2100
1070 0.5600
1072 0.6600
1114 0.6200
1119 0.6800
1126 0.0800
1313 0.7500
1329 0.4100
1352 0.6700
1487 0.9900
FRAME t=424403.990 src=55324 n=2113 nz=92 seen=1 seen=1
18 0.3300
27 0.5100
29 0.5500
33 0.3500
35 0.6500
40 0.3800
44 0.0200
45 0.4100
46 0.3700
53 0.4400
57 0.0900
59 0.8100
60 0.3600
61 0.0200
80 0.0600
104 0.4900
107 0.6800
113 0.6100
120 0.5200
130 0.3400
135 0.0500
139 0.1800
143 0.7300
150 0.4600
176 0.2200
177 0.8100
187 0.2900
204 0.2100
211 0.3400
213 0.4800
217 0.1200
218 0.1300
222 0.8300
223 0.9300
226 0.7300
230 0.3200
238 0.3700
264 0.4200
276 0.4200
282 0.3900
286 0.9400
290 0.8000
291 0.5900
292 0.5900
299 0.4400
304 0.4500
319 0.6000
337 0.0600
345 0.1100
365 0.2200
381 0.9800
384 0.7700
389 0.6300
405 0.6600
408 0.9400
421 0.0500
431 0.4900
450 0.9800
451 0.0600
464 0.6200
480 0.0100
484 0.6400
487 0.6500
532 0.3700
540 0.2600
556 0.3800
605 0.6200
667 0.0300
670 0.3000
678 0.4800
715 0.2900
724 0.0700
757 0.8400
769 0.4100
777 0.8900
786 0.8300
816 0.1200
823 0.5500
834 0.3700
855 0.3000
937 0.0800
968 0.6700
1049 0.2000
1070 0.5500
1072 0.6500
1114 0.6100
1119 0.6700
1126 0.0700
1313 0.7400
1329 0.4000
1352 0.6600
1487 0.9800
FRAME t=424403.991 src=52523 n=2113 nz=85 seen=1 seen=1
12 0.1200
27 0.5100
29 0.5500
35 0.6500
40 0.3800
44 0.3700
53 0.4400
59 0.8100
60 0.3600
76 0.6200
104 0.4900
107 0.6800
113 0.6100
120 0.5200
126 0.7500
130 0.3400
135 0.0500
139 0.1800
143 0.7300
150 0.4600
161 0.7400
176 0.2200
177 0.8100
187 0.2900
189 0.0400
204 0.2100
213 0.4800
222 0.8300
223 0.9300
226 0.7300
238 0.3700
266 0.1200
282 0.3900
286 0.9400
287 0.4500
290 0.8000
291 0.5900
292 0.5900
299 0.4400
309 0.6400
319 0.6000
345 0.1100
365 0.2200
367 0.7200
375 0.6300
381 0.9800
384 0.7700
386 0.0400
405 0.6600
408 0.9400
421 0.0500
431 0.4900
450 0.9800
487 0.6500
532 0.3700
540 0.2600
556 0.3800
568 0.2300
581 0.7200
593 0.0600
670 0.3000
678 0.4800
715 0.2900
717 0.7900
724 0.0700
757 0.8400
777 0.8900
781 0.6400
786 0.8300
823 0.5500
834 0.3700
855 0.3000
937 0.0800
968 0.6700
1049 0.2000
1070 0.5500
1072 0.6500
1078 0.0600
1114 0.6100
1119 0.6700
1126 0.0700
1313 0.7400
1329 0.4000
1352 0.6600
1487 0.9800
FRAME t=424404.011 src=52523 n=2113 nz=86 seen=1 seen=1
12 0.1100
27 0.5000
29 0.5400
35 0.6400
40 0.3700
44 0.3600
53 0.4300
59 0.8000
60 0.3500
76 0.6100
104 0.4800
107 0.6700
113 0.6000
119 1.0000
120 0.5100
126 0.7400
130 0.3300
135 0.0400
139 0.1700
143 0.7200
150 0.4500
161 0.7300
176 0.2100
177 0.8000
187 0.2800
189 0.0300
204 0.2000
213 0.4700
222 0.8200
223 0.9200
226 0.7200
238 0.3600
266 0.1100
282 0.3800
286 0.9300
287 0.4400
290 0.7900
291 0.5800
292 0.5800
299 0.4300
309 0.6300
319 0.5900
345 0.1000
365 0.2100
367 0.7100
375 0.6200
381 0.9700
384 0.7600
386 0.0300
405 0.6500
408 0.9300
421 0.0400
431 0.4800
450 0.9700
487 0.6400
532 0.3600
540 0.2500
556 0.3700
568 0.2200
581 0.7100
593 0.0500
670 0.2900
678 0.4700
715 0.2800
717 0.7800
724 0.0600
757 0.8300
777 0.8800
781 0.6300
786 0.8200
823 0.5400
834 0.3600
855 0.2900
937 0.0700
968 0.6600
1049 0.1900
1070 0.5400
1072 0.6400
1078 0.0500
1114 0.6000
1119 0.6600
1126 0.0600
1313 0.7300
1329 0.3900
1352 0.6500
1487 0.9700
FRAME t=424404.012 src=55324 n=2113 nz=93 seen=1 seen=1
18 0.3200
27 0.5000
29 0.5400
33 0.3400
35 0.6400
40 0.3700
44 0.0100
45 0.4000
46 0.3600
53 0.4300
57 0.0800
59 0.8000
60 0.3500
61 0.0100
80 0.0500
104 0.4800
107 0.6700
113 0.6000
119 1.0000
120 0.5100
130 0.3300
135 0.0400
139 0.1700
143 0.7200
150 0.4500
176 0.2100
177 0.8000
187 0.2800
204 0.2000
211 0.3300
213 0.4700
217 0.1100
218 0.1200
222 0.8200
223 0.9200
226 0.7200
230 0.3100
238 0.3600
264 0.4100
276 0.4100
282 0.3800
286 0.9300
290 0.7900
291 0.5800
292 0.5800
299 0.4300
304 0.4400
319 0.5900
337 0.0500
345 0.1000
365 0.2100
381 0.9700
384 0.7600
389 0.6200
405 0.6500
408 0.9300
421 0.0400
431 0.4800
450 0.9700
451 0.0500
464 0.6100
480 0.0000
484 0.6300
487 0.6400
532 0.3600
540 0.2500
556 0.3700
605 0.6100
667 0.0200
670 0.2900
678 0.4700
715 0.2800
724 0.0600
757 0.8300
769 0.4000
777 0.8800
786 0.8200
816 0.1100
823 0.5400
834 0.3600
855 0.2900
937 0.0700
968 0.6600
1049 0.1900
1070 0.5400
1072 0.6400
1114 0.6000
1119 0.6600
1126 0.0600
1313 0.7300
1329 0.3900
1352 0.6500
1487 0.9700
FRAME t=424404.032 src=55324 n=2113 nz=94 seen=1 seen=1
18 0.3100
27 0.4900
29 0.5300
33 0.3300
35 0.6300
40 0.3600
44 0.0000
45 0.3900
46 0.3500
53 0.4200
57 0.0700
59 1.0000
60 0.3400
61 0.0000
80 0.0400
104 0.4700
107 0.6600
113 0.5900
119 0.9900
120 0.5000
130 0.3200
135 0.0300
139 0.1600
143 0.7100
150 0.4400
176 0.2000
177 0.7900
187 0.2700
204 0.1900
211 0.3200
213 0.4600
217 0.1000
218 0.1100
222 0.8100
223 0.9100
226 0.7100
230 0.3000
238 0.3500
264 0.4000
276 0.4000
280 1.0000
282 0.3700
286 0.9200
290 0.7800
291 0.5700
292 0.5700
299 0.4200
304 0.4300
319 0.5800
337 0.0400
345 0.0900
365 0.2000
381 0.9600
384 0.7500
389 0.6100
405 0.6400
408 0.9200
421 0.0300
431 0.4700
450 0.9600
451 0.0400
464 0.6000
484 0.6200
487 0.6300
532 0.3500
540 0.2400
556 0.3600
605 0.6000
667 0.0100
670 0.2800
678 0.4600
715 0.2700
724 0.0500
757 0.8200
769 0.3900
777 0.8700
786 0.8100
816 0.1000
823 0.5300
834 0.3500
855 0.2800
937 0.0600
968 0.6500
1049 0.1800
1050 1.0000
1070 0.5300
1072 0.6300
1114 0.5900
1119 0.6500
1126 0.0500
1313 0.7200
1329 0.3800
1352 0.6400
1487 0.9600
FRAME t=424404.033 src=52523 n=2113 nz=88 seen=1 seen=1
12 0.1000
27 0.4900
29 0.5300
35 0.6300
40 0.3600
44 0.3500
53 0.4200
59 1.0000
60 0.3400
76 0.6000
104 0.4700
107 0.6600
113 0.5900
119 0.9900
120 0.5000
126 0.7300
130 0.3200
135 0.0300
139 0.1600
143 0.7100
150 0.4400
161 0.7200
176 0.2000
177 0.7900
187 0.2700
189 0.0200
204 0.1900
213 0.4600
222 0.8100
223 0.9100
226 0.7100
238 0.3500
266 0.1000
280 1.0000
282 0.3700
286 0.9200
287 0.4300
290 0.7800
291 0.5700
292 0.5700
299 0.4200
309 0.6200
319 0.5800
345 0.0900
365 0.2000
367 0.7000
375 0.6100
381 0.9600
384 0.7500
386 0.0200
405 0.6400
408 0.9200
421 0.0300
431 0.4700
450 0.9600
487 0.6300
532 0.3500
540 0.2400
556 0.3600
568 0.2100
581 0.7000
593 0.0400
670 0.2800
678 0.4600
715 0.2700
717 0.7700
724 0.0500
757 0.8200
777 0.8700
781 0.6200
786 0.8100
823 0.5300
834 0.3500
855 0.2800
937 0.0600
968 0.6500
1049 0.1800
1050 1.0000
1070 0.5300
1072 0.6300
1078 0.0400
1114 0.5900
1119 0.6500
1126 0.0500
1313 0.7200
1329 0.3800
1352 0.6400
1487 0.9600
FRAME t=424404.053 src=52523 n=2113 nz=89 seen=1 seen=1
12 0.0900
27 0.4800
29 0.5200
35 0.6200
40 0.3500
44 0.3400
53 0.4100
59 0.9900
60 0.3300
76 0.5900
104 0.4600
107 0.6500
113 0.5800
119 0.9800
120 0.4900
126 0.7200
130 0.3100
135 0.0200
139 0.1500
143 0.7000
150 0.4300
161 0.7100
176 0.1900
177 0.7800
187 0.2600
189 0.0100
204 0.1800
213 0.4500
222 0.8000
223 0.9000
226 0.7000
229 1.0000
238 0.3400
266 0.0900
280 0.9900
282 0.3600
286 0.9100
287 0.4200
290 0.7700
291 0.5600
292 0.5600
299 0.4100
309 0.6100
319 0.5700
345 0.0800
365 0.1900
367 0.6900
375 0.6000
381 0.9500
384 0.7400
386 0.0100
405 0.6300
408 0.9100
421 0.0200
431 0.4600
450 0.9500
487 0.6200
532 0.3400
540 0.2300
556 0.3500
568 0.2000
581 0.6900
593 0.0300
670 0.2700
678 0.4500
715 0.2600
717 0.7600
724 0.0400
757 0.8100
777 0.8600
781 0.6100
786 0.8000
823 0.5200
834 0.3400
855 0.2700
937 0.0500
968 0.6400
1049 0.1700
1050 0.9900
1070 0.5200
1072 0.6200
1078 0.0300
1114 0.5800
1119 0.6400
1126 0.0400
1313 0.7100
1329 0.3700
1352 0.6300
1487 0.9500
FRAME t=424404.054 src=55324 n=2113 nz=93 seen=1 seen=1
18 0.3000
27 0.4800
29 0.5200
33 0.3200
35 0.6200
40 0.3500
45 0.3800
46 0.3400
53 0.4100
57 0.0600
59 0.9900
60 0.3300
80 0.0300
104 0.4600
107 0.6500
113 0.5800
119 0.9800
120 0.4900
130 0.3100
135 0.0200
139 0.1500
143 0.7000
150 0.4300
176 0.1900
177 0.7800
187 0.2600
204 0.1800
211 0.3100
213 0.4500
217 0.0900
218 0.1000
222 0.8000
223 0.9000
226 0.7000
229 1.0000
230 0.2900
238 0.3400
264 0.3900
276 0.3900
280 0.9900
282 0.3600
286 0.9100
290 0.7700
291 0.5600
292 0.5600
299 0.4100
304 0.4200
319 0.5700
337 0.0300
345 0.0800
365 0.1900
381 0.9500
384 0.7400
389 0.6000
405 0.6300
408 0.9100
421 0.0200
431 0.4600
450 0.9500
451 0.0300
464 0.5900
484 0.6100
487 0.6200
532 0.3400
540 0.2300
556 0.3500
605 0.5900
667 0.0000
670 0.2700
678 0.4500
715 0.2600
724 0.0400
757 0.8100
769 0.3800
777 0.8600
786 0.8000
816 0.0900
823 0.5200
834 0.3400
855 0.2700
937 0.0500
968 0.6400
1049 0.1700
1050 0.9900
1070 0.5200
1072 0.6200
1114 0.5800
1119 0.6400
1126 0.0400
1313 0.7100
1329 0.3700
1352 0.6300
1487 0.9500
FRAME t=424404.074 src=55324 n=2113 nz=92 seen=1 seen=1
18 0.2900
27 0.4700
29 0.5100
33 0.3100
35 0.6100
40 0.3400
45 0.3700
46 0.3300
53 0.4000
57 0.0500
59 0.9800
60 0.3200
80 0.0200
104 0.4500
107 0.6400
113 0.5700
119 0.9700
120 0.4800
130 0.3000
135 0.0100
139 0.1400
143 0.6900
150 0.4200
176 0.1800
177 0.7700
187 0.2500
204 0.1700
211 0.3000
213 0.4400
217 0.0800
218 0.0900
222 0.7900
223 0.8900
226 0.6900
229 0.9900
230 0.2800
238 0.3300
264 0.3800
276 0.3800
280 0.9800
282 0.3500
286 0.9000
290 0.7600
291 0.5500
292 0.5500
299 0.4000
304 0.4100
319 0.5600
337 0.0200
345 0.0700
365 0.1800
381 0.9400
384 0.7300
389 0.5900
405 0.6200
408 0.9000
421 0.0100
431 0.4500
450 0.9400
451 0.0200
464 0.5800
484 0.6000
487 0.6100
532 0.3300
540 0.2200
556 0.3400
605 0.5800
670 0.2600
678 0.4400
715 0.2500
724 0.0300
757 0.8000
769 0.3700
777 0.8500
786 0.7900
816 0.0800
823 0.5100
834 0.3300
855 0.2600
937 0.0400
968 0.6300
1049 0.1600
1050 0.9800
1070 0.5100
1072 0.6100
1114 0.5700
1119 0.6300
1126 0.0300
1313 0.7000
1329 0.3600
1352 0.6200
1487 0.9400
FRAME t=424404.075 src=52523 n=2113 nz=91 seen=1 seen=1
12 0.0800
19 1.0000
27 0.4700
29 0.5100
35 0.6100
40 0.3400
44 0.3300
53 0.4000
59 0.9800
60 0.3200
76 0.5800
104 0.4500
107 0.6400
113 0.5700
119 0.9700
120 0.4800
126 0.7100
130 0.3000
135 0.0100
139 0.1400
143 0.6900
150 0.4200
161 0.7000
176 0.1800
177 0.7700
187 0.2500
189 0.0000
204 0.1700
213 0.4400
222 0.7900
223 0.8900
226 0.6900
229 0.9900
238 0.3300
266 0.0800
280 0.9800
282 0.3500
286 0.9000
287 0.4100
290 0.7600
291 0.5500
292 0.5500
299 0.4000
309 0.6000
319 0.5600
345 0.0700
365 0.1800
367 0.6800
375 0.5900
381 0.9400
384 0.7300
386 0.0000
405 0.6200
408 0.9000
421 0.0100
431 0.4500
450 0.9400
487 0.6100
532 0.3300
540 0.2200
556 0.3400
568 0.1900
581 0.6800
593 0.0200
628 1.0000
670 0.2600
678 0.4400
715 0.2500
717 0.7500
724 0.0300
757 0.8000
777 0.8500
781 0.6000
786 0.7900
823 0.5100
834 0.3300
855 0.2600
937 0.0400
968 0.6300
1049 0.1600
1050 0.9800
1070 0.5100
1072 0.6100
1078 0.0200
1114 0.5700
1119 0.6300
1126 0.0300
1313 0.7000
1329 0.3600
1352 0.6200
1487 0.9400
FRAME t=424404.094 src=52523 n=2113 nz=91 seen=1 seen=1
1 1.0000
12 0.0700
19 0.9900
27 0.4600
29 0.5000
35 0.6000
40 0.3300
44 0.3200
53 0.3900
59 0.9700
60 0.3100
76 0.5700
104 0.4400
107 0.6300
113 0.5600
119 0.9600
120 0.4700
126 0.7000
130 0.2900
135 0.0000
139 0.1300
143 0.6800
150 0.4100
161 0.6900
176 0.1700
177 0.7600
187 0.2400
204 0.1600
213 0.4300
222 0.7800
223 0.8800
226 0.6800
229 0.9800
238 0.3200
266 0.0700
280 0.9700
282 0.3400
286 0.8900
287 0.4000
290 0.7500
291 0.5400
292 0.5400
299 0.3900
309 0.5900
319 0.5500
345 0.0600
365 0.1700
367 0.6700
375 0.5800
381 0.9300
384 0.7200
405 0.6100
408 0.8900
421 0.0000
431 0.4400
450 0.9300
487 0.6000
532 0.3200
540 0.2100
556 0.3300
568 0.1800
581 0.6700
593 0.0100
628 0.9900
670 0.2500
678 0.4300
715 0.2400
717 0.7400
724 0.0200
757 0.7900
777 0.8400
781 0.5900
786 0.7800
823 0.5000
834 0.3200
855 0.2500
937 0.0300
968 0.6200
1049 0.1500
1050 0.9700
1070 0.5000
1072 0.6000
1078 0.0100
1114 0.5600
1119 0.6200
1126 0.0200
1290 1.0000
1313 0.6900
1329 0.3500
1352 0.6100
1487 0.9300
FRAME t=424404.095 src=55324 n=2113 nz=94 seen=1 seen=1
18 0.2800
22 1.0000
27 0.4600
29 0.5000
33 0.3000
35 0.6000
40 0.3300
45 0.3600
46 0.3200
53 0.3900
57 0.0400
59 0.9700
60 0.3100
80 0.0100
104 0.4400
107 0.6300
113 0.5600
119 0.9600
120 0.4700
130 0.2900
135 0.0000
139 0.1300
143 0.6800
150 0.4100
176 0.1700
177 0.7600
187 0.2400
204 0.1600
211 0.2900
213 0.4300
217 0.0700
218 0.0800
222 0.7800
223 0.8800
226 0.6800
229 0.9800
230 0.2700
238 0.3200
264 0.3700
276 0.3700
280 0.9700
282 0.3400
286 0.8900
290 0.7500
291 0.5400
292 0.5400
299 0.3900
304 0.4000
319 0.5500
337 0.0100
345 0.0600
365 0.1700
381 0.9300
384 0.7200
389 0.5800
405 0.6100
408 0.8900
421 0.0000
431 0.4400
450 0.9300
451 0.0100
464 0.5700
484 0.5900
487 0.6000
532 0.3200
540 0.2100
556 0.3300
605 0.5700
670 0.2500
678 0.4300
715 0.2400
724 0.0200
757 0.7900
762 1.0000
769 0.3600
777 0.8400
786 0.7800
816 0.0700
823 0.5000
834 0.3200
855 0.2500
937 0.0300
968 0.6200
1049 0.1500
1050 0.9700
1070 0.5000
1072 0.6000
1114 0.5600
1119 0.6200
1126 0.0200
1313 0.6900
1329 0.3500
1352 0.6100
1487 0.9300
FRAME t=424404.114 src=55324 n=2113 nz=92 seen=1 seen=1
18 0.2700
22 0.9900
27 0.4500
29 0.4900
33 0.2900
35 0.5900
40 0.3200
45 0.3500
46 0.3100
53 0.3800
57 0.0300
59 0.9600
60 0.3000
80 0.0000
104 0.4300
107 0.6200
113 0.5500
119 0.9500
120 0.4600
130 0.2800
139 0.1200
143 0.6700
150 0.4000
176 0.1600
177 0.7500
187 0.2300
204 0.1500
211 0.2800
213 0.4200
217 0.0600
218 0.0700
222 0.7700
223 0.8700
226 0.6700
229 0.9700
230 0.2600
238 0.3100
264 0.3600
276 0.3600
280 0.9600
282 0.3300
286 0.8800
290 0.7400
291 0.5300
292 0.5300
299 0.3800
304 0.3900
319 0.5400
337 0.0000
345 0.0500
365 0.1600
381 0.9200
384 0.7100
389 0.5700
405 0.6000
408 0.8800
431 0.4300
450 0.9200
451 0.0000
464 0.5600
484 0.5800
487 0.5900
532 0.3100
540 0.2000
556 0.3200
605 0.5600
670 0.2400
678 0.4200
715 0.2300
724 0.0100
757 0.7800
762 0.9900
769 0.3500
777 0.8300
786 0.7700
816 0.0600
823 0.4900
834 0.3100
855 0.2400
937 0.0200
968 0.6100
1049 0.1400
1050 0.9600
1070 0.4900
1072 0.5900
1114 0.5500
1119 0.6100
1126 0.0100
1313 0.6800
1329 0.3400
1352 0.6000
1487 0.9200
FRAME t=424404.115 src=52523 n=2113 nz=89 seen=1 seen=1
1 0.9900
12 0.0600
19 0.9800
27 0.4500
29 0.4900
35 0.5900
40 0.3200
44 0.3100
53 0.3800
59 0.9600
60 0.3000
76 0.5600
104 0.4300
107 0.6200
113 0.5500
119 0.9500
120 0.4600
126 0.6900
130 0.2800
139 0.1200
143 0.6700
150 0.4000
161 0.6800
176 0.1600
177 0.7500
187 0.2300
204 0.1500
213 0.4200
222 0.7700
223 0.8700
226 0.6700
229 0.9700
238 0.3100
266 0.0600
280 0.9600
282 0.3300
286 0.8800
287 0.3900
290 0.7400
291 0.5300
292 0.5300
299 0.3800
309 0.5800
319 0.5400
345 0.0500
365 0.1600
367 0.6600
375 0.5700
381 0.9200
384 0.7100
405 0.6000
408 0.8800
431 0.4300
450 0.9200
487 0.5900
532 0.3100
540 0.2000
556 0.3200
568 0.1700
581 0.6600
593 0.0000
628 0.9800
670 0.2400
678 0.4200
715 0.2300
717 0.7300
724 0.0100
757 0.7800
777 0.8300
781 0.5800
786 0.7700
823 0.4900
834 0.3100
855 0.2400
937 0.0200
968 0.6100
1049 0.1400
1050 0.9600
1070 0.4900
1072 0.5900
1078 0.0000
1114 0.5500
1119 0.6100
1126 0.0100
1290 0.9900
1313 0.6800
1329 0.3400
1352 0.6000
1487 0.9200
FRAME t=424404.134 src=52523 n=2113 nz=88 seen=1 seen=1
1 0.9800
12 0.0500
19 0.9700
27 0.4400
29 0.4800
35 0.5800
40 0.3100
44 0.3000
53 0.3700
59 0.9500
60 0.2900
76 0.5500
104 0.4200
107 0.6100
113 0.5400
119 1.0000
120 0.4500
126 0.6800
130 0.2700
139 0.1100
143 0.6600
150 0.3900
161 0.6700
176 0.1500
177 0.7400
187 0.2200
204 0.1400
213 0.4100
222 0.7600
223 0.8600
226 0.6600
229 0.9600
238 0.3000
246 1.0000
266 0.0500
280 0.9500
282 0.3200
286 0.8700
287 0.3800
290 0.7300
291 0.5200
292 0.5200
299 0.3700
309 0.5700
319 0.5300
345 0.0400
365 0.1500
367 0.6500
375 0.5600
381 0.9100
384 0.7000
405 0.5900
408 0.8700
431 0.4200
450 0.9100
487 0.5800
532 0.3000
540 0.1900
556 0.3100
568 0.1600
581 0.6500
628 0.9700
670 0.2300
678 0.4100
715 0.2200
717 0.7200
724 0.0000
757 0.7700
777 0.8200
781 0.5700
786 0.7600
823 0.4800
834 0.3000
855 0.2300
937 0.0100
968 0.6000
1049 0.1300
1050 0.9500
1070 0.4800
1072 0.5800
1114 0.5400
1119 0.6000
1126 0.0000
1290 0.9800
1313 0.6700
1329 0.3300
1352 0.5900
1487 0.9100
FRAME t=424404.135 src=55324 n=2113 nz=90 seen=1 seen=1
18 0.2600
22 0.9800
27 0.4400
29 0.4800
33 0.2800
35 0.5800
40 0.3100
45 0.3400
46 0.3000
53 0.3700
57 0.0200
59 0.9500
60 0.2900
104 0.4200
107 0.6100
113 0.5400
119 1.0000
120 0.4500
130 0.2700
139 0.1100
143 0.6600
150 0.3900
176 0.1500
177 0.7400
187 0.2200
204 0.1400
211 0.2700
213 0.4100
217 0.0500
218 0.0600
222 0.7600
223 0.8600
226 0.6600
229 0.9600
230 0.2500
238 0.3000
246 1.0000
264 0.3500
276 0.3500
280 0.9500
282 0.3200
286 0.8700
290 0.7300
291 0.5200
292 0.5200
299 0.3700
304 0.3800
319 0.5300
345 0.0400
365 0.1500
381 0.9100
384 0.7000
389 0.5600
405 0.5900
408 0.8700
431 0.4200
450 0.9100
464 0.5500
484 0.5700
487 0.5800
532 0.3000
540 0.1900
556 0.3100
605 0.5500
670 0.2300
678 0.4100
715 0.2200
724 0.0000
757 0.7700
762 0.9800
769 0.3400
777 0.8200
786 0.7600
816 0.0500
823 0.4800
834 0.3000
855 0.2300
937 0.0100
968 0.6000
1049 0.1300
1050 0.9500
1070 0.4800
1072 0.5800
1114 0.5400
1119 0.6000
1126 0.0000
1313 0.6700
1329 0.3300
1352 0.5900
1487 0.9100
FRAME t=424404.155 src=55324 n=2113 nz=89 seen=1 seen=1
18 0.2500
22 0.9700
27 0.4300
29 0.4700
33 0.2700
35 0.5700
40 0.3000
45 0.3300
46 0.2900
53 0.3600
57 0.0100
59 0.9400
60 0.2800
104 0.4100
107 0.6000
113 0.5300
119 0.9900
120 0.4400
130 0.2600
139 0.1000
143 0.6500
150 0.3800
176 0.1400
177 0.7300
187 0.2100
204 0.1300
211 0.2600
213 0.4000
217 0.0400
218 0.0500
222 0.7500
223 0.8500
226 0.6500
229 0.9500
230 0.2400
238 0.2900
246 0.9900
264 0.3400
276 0.3400
280 0.9400
282 0.3100
286 0.8600
290 0.7200
291 0.5100
292 0.5100
299 0.3600
304 0.3700
319 0.5200
345 0.0300
365 0.1400
381 0.9000
384 0.6900
389 0.5500
405 0.5800
408 0.8600
431 0.4100
441 1.0000
450 0.9000
464 0.5400
484 0.5600
487 0.5700
532 0.2900
540 0.1800
556 0.3000
605 0.5400
670 0.2200
678 0.4000
715 0.2100
757 0.7600
762 0.9700
769 0.3300
777 0.8100
786 0.7500
816 0.0400
823 0.4700
834 0.2900
855 0.2200
937 0.0000
968 0.5900
1049 0.1200
1050 0.9400
1070 0.4700
1072 0.5700
1114 0.5300
1119 0.5900
1313 0.6600
1329 0.3200
1352 0.5800
1487 0.9000
FRAME t=424404.156 src=52523 n=2113 nz=87 seen=1 seen=1
1 0.9700
12 0.0400
19 0.9600
27 0.4300
29 0.4700
35 0.5700
40 0.3000
44 0.2900
53 0.3600
59 0.9400
60 0.2800
76 0.5400
104 0.4100
107 0.6000
113 0.5300
119 0.9900
120 0.4400
126 0.6700
130 0.2600
139 0.1000
143 0.6500
150 0.3800
161 0.6600
176 0.1400
177 0.7300
187 0.2100
204 0.1300
213 0.4000
222 0.7500
223 0.8500
226 0.6500
229 0.9500
238 0.2900
246 0.9900
266 0.0400
280 0.9400
282 0.3100
286 0.8600
287 0.3700
290 0.7200
291 0.5100
292 0.5100
299 0.3600
309 0.5600
319 0.5200
345 0.0300
365 0.1400
367 0.6400
375 0.5500
381 0.9000
384 0.6900
405 0.5800
408 0.8600
431 0.4100
441 1.0000
450 0.9000
487 0.5700
532 0.2900
540 0.1800
556 0.3000
568 0.1500
581 0.6400
628 0.9600
670 0.2200
678 0.4000
715 0.2100
717 0.7100
757 0.7600
777 0.8100
781 0.5600
786 0.7500
823 0.4700
834 0.2900
855 0.2200
937 0.0000
968 0.5900
1049 0.1200
1050 0.9400
1070 0.4700
1072 0.5700
1114 0.5300
1119 0.5900
1290 0.9700
1313 0.6600
1329 0.3200
1352 0.5800
1487 0.9000
FRAME t=424404.176 src=52523 n=2113 nz=86 seen=1 seen=1
1 0.9600
12 0.0300
19 0.9500
27 0.4200
29 0.4600
35 0.5600
40 0.2900
44 0.2800
53 0.3500
59 0.9300
60 0.2700
76 0.5300
104 0.4000
107 0.5900
113 0.5200
119 0.9800
120 0.4300
126 0.6600
130 0.2500
139 0.0900
143 0.6400
150 0.3700
161 0.6500
176 0.1300
177 0.7200
187 0.2000
204 0.1200
213 0.3900
222 0.7400
223 0.8400
226 0.6400
229 0.9400
238 0.2800
246 0.9800
266 0.0300
280 0.9300
282 0.3000
286 0.8500
287 0.3600
290 0.7100
291 0.5000
292 0.5000
299 0.3500
309 0.5500
319 0.5100
345 0.0200
365 0.1300
367 0.6300
375 0.5400
381 0.8900
384 0.6800
405 0.5700
408 0.8500
431 0.4000
441 0.9900
450 0.8900
487 0.5600
532 0.2800
540 0.1700
556 0.2900
568 0.1400
581 0.6300
628 0.9500
670 0.2100
678 0.3900
715 0.2000
717 0.7000
757 0.7500
777 0.8000
781 0.5500
786 0.7400
823 0.4600
834 0.2800
855 0.2100
968 0.5800
1049 0.1100
1050 0.9300
1070 0.4600
1072 0.5600
1114 0.5200
1119 0.5800
1290 0.9600
1313 0.6500
1329 0.3100
1352 0.5700
1487 0.8900
FRAME t=424404.177 src=55324 n=2113 nz=88 seen=1 seen=1
18 0.2400
22 0.9600
27 0.4200
29 0.4600
33 0.2600
35 0.5600
40 0.2900
45 0.3200
46 0.2800
53 0.3500
57 0.0000
59 0.9300
60 0.2700
104 0.4000
107 0.5900
113 0.5200
119 0.9800
120 0.4300
130 0.2500
139 0.0900
143 0.6400
150 0.3700
176 0.1300
177 0.7200
187 0.2000
204 0.1200
211 0.2500
213 0.3900
217 0.0300
218 0.0400
222 0.7400
223 0.8400
226 0.6400
229 0.9400
230 0.2300
238 0.2800
246 0.9800
264 0.3300
276 0.3300
280 0.9300
282 0.3000
286 0.8500
290 0.7100
291 0.5000
292 0.5000
299 0.3500
304 0.3600
319 0.5100
345 0.0200
365 0.1300
381 0.8900
384 0.6800
389 0.5400
405 0.5700
408 0.8500
431 0.4000
441 0.9900
450 0.8900
464 0.5300
484 0.5500
487 0.5600
532 0.2800
540 0.1700
556 0.2900
605 0.5300
670 0.2100
678 0.3900
715 0.2000
757 0.7500
762 0.9600
769 0.3200
777 0.8000
786 0.7400
816 0.0300
823 0.4600
834 0.2800
855 0.2100
968 0.5800
1049 0.1100
1050 0.9300
1070 0.4600
1072 0.5600
1114 0.5200
1119 0.5800
1313 0.6500
1329 0.3100
1352 0.5700
1487 0.8900
FRAME t=424404.240 src=55324 n=2113 nz=86 seen=1 seen=1
18 0.2100
22 0.9300
27 0.3900
29 0.4300
33 0.2300
35 0.5300
40 0.2600
45 0.2900
46 0.2500
53 0.3200
59 0.9000
60 0.2400
104 0.3700
107 0.5600
113 0.4900
119 0.9500
120 0.4000
130 0.2200
139 1.0000
143 0.6100
150 0.3400
176 0.1000
177 0.6900
187 0.1700
204 0.0900
211 0.2200
213 0.3600
217 0.0000
218 0.0100
222 0.7100
223 0.8100
226 0.6100
229 0.9100
230 0.2000
238 0.2500
246 0.9500
264 0.3000
276 0.3000
280 0.9000
282 0.2700
286 0.8200
290 0.6800
291 0.4700
292 0.4700
299 0.3200
304 0.3300
319 0.4800
365 0.1000
381 0.8600
384 0.6500
389 0.9800
405 0.5400
408 0.8200
431 0.3700
441 0.9600
450 0.8600
464 0.5000
484 0.5200
487 0.5300
532 0.2500
540 0.1400
556 0.2600
605 0.5000
670 0.1800
678 0.3600
715 0.1700
757 0.7200
762 0.9300
769 0.2900
777 0.7700
786 0.7100
816 0.0000
823 0.4300
834 0.2500
855 0.1800
968 0.5500
1049 0.0800
1050 0.9000
1070 0.4300
1072 0.5300
1114 0.4900
1119 0.5500
1313 0.6200
1329 0.2800
1352 0.5400
1487 0.8600
FRAME t=424404.241 src=52523 n=2113 nz=86 seen=1 seen=1
1 0.9300
12 0.0000
19 0.9200
27 0.3900
29 0.4300
35 0.5300
40 0.2600
44 0.2500
53 0.3200
59 0.9000
60 0.2400
76 0.5000
104 0.3700
107 0.5600
113 0.4900
119 0.9500
120 0.4000
126 0.6300
130 0.2200
139 1.0000
143 0.6100
150 0.3400
161 0.6200
176 0.1000
177 0.6900
187 0.1700
204 0.0900
213 0.3600
222 0.7100
223 0.8100
226 0.6100
229 0.9100
238 0.2500
246 0.9500
266 0.0000
280 0.9000
282 0.2700
286 0.8200
287 0.3300
290 0.6800
291 0.4700
292 0.4700
299 0.3200
309 0.5200
319 0.4800
365 0.1000
367 0.6000
375 0.5100
381 0.8600
384 0.6500
389 0.9800
405 0.5400
408 0.8200
431 0.3700
441 0.9600
450 0.8600
487 0.5300
532 0.2500
540 0.1400
556 0.2600
568 0.1100
581 0.6000
628 0.9200
670 0.1800
678 0.3600
715 0.1700
717 0.6700
757 0.7200
777 0.7700
781 0.5200
786 0.7100
823 0.4300
834 0.2500
855 0.1800
968 0.5500
1049 0.0800
1050 0.9000
1070 0.4300
1072 0.5300
1114 0.4900
1119 0.5500
1290 0.9300
1313 0.6200
1329 0.2800
1352 0.5400
1487 0.8600
FRAME t=424404.261 src=55324 n=2113 nz=84 seen=1 seen=1
18 0.2000
22 0.9200
27 0.3800
29 0.4200
33 0.2200
35 0.5200
40 0.2500
45 0.2800
46 0.2400
53 0.3100
59 0.8900
60 0.2300
104 0.3600
107 0.5500
113 0.4800
119 0.9400
120 0.3900
130 0.2100
139 0.9900
143 0.6000
150 0.3300
176 0.0900
177 0.6800
187 0.1600
204 0.0800
211 0.2100
213 0.3500
218 0.0000
222 0.7000
223 0.8000
226 0.6000
229 0.9000
230 0.1900
238 0.2400
246 0.9400
264 0.2900
276 0.2900
280 0.8900
282 0.2600
286 0.8100
290 0.6700
291 0.4600
292 0.4600
299 0.3100
304 0.3200
319 0.4700
365 0.0900
381 0.8500
384 0.6400
389 0.9700
405 0.5300
408 0.8100
431 0.3600
441 0.9500
450 0.8500
464 0.4900
484 0.5100
487 0.5200
532 0.2400
540 0.1300
556 0.2500
605 0.4900
670 0.1700
678 0.3500
715 0.1600
757 0.7100
762 0.9200
769 0.2800
777 0.7600
786 0.7000
823 0.4200
834 0.2400
855 0.1700
968 0.5400
1049 0.0700
1050 0.8900
1070 0.4200
1072 0.5200
1114 0.4800
1119 0.5400
1313 0.6100
1329 0.2700
1352 0.5300
1487 0.8500
FRAME t=424404.280 src=55324 n=2113 nz=83 seen=1 seen=1
18 0.1900
22 0.9100
27 0.3700
29 0.4100
33 0.2100
35 0.5100
40 0.2400
45 0.2700
46 0.2300
53 0.3000
59 0.8800
60 0.2200
104 0.3500
107 0.5400
113 0.4700
119 0.9300
120 0.3800
130 0.2000
139 0.9800
143 0.5900
150 0.3200
176 0.0800
177 0.6700
187 0.1500
204 0.0700
211 0.2000
213 0.3400
222 0.6900
223 0.7900
226 0.5900
229 0.8900
230 0.1800
238 0.2300
246 0.9300
264 0.2800
276 0.2800
280 0.8800
282 0.2500
286 0.8000
290 0.6600
291 0.4500
292 0.4500
299 0.3000
304 0.3100
319 0.4600
365 0.0800
381 0.8400
384 0.6300
389 0.9600
405 0.5200
408 0.8000
431 0.3500
441 0.9400
450 0.8400
464 0.4800
484 0.5000
487 0.5100
532 0.2300
540 0.1200
556 0.2400
605 0.4800
670 0.1600
678 0.3400
715 0.1500
757 0.7000
762 0.9100
769 0.2700
777 0.7500
786 0.6900
823 0.4100
834 0.2300
855 0.1600
968 0.5300
1049 0.0600
1050 0.8800
1070 0.4100
1072 0.5100
1114 0.4700
1119 0.5300
1313 0.6000
1329 0.2600
1352 0.5200
1487 0.8400
FRAME t=424404.430 src=52523 n=2113 nz=88 seen=1 seen=1
1 0.8400
19 0.8300
21 0.9400
27 0.3000
29 0.3400
35 0.4400
40 0.1700
44 0.1600
53 0.2300
59 0.8100
60 0.1500
76 0.4100
104 0.2800
107 0.4700
113 0.4000
119 0.8600
120 0.3100
126 0.5400
130 0.1300
139 0.9100
143 0.5200
148 0.9400
150 0.2500
161 0.5300
176 0.0100
177 0.6000
187 0.0800
204 0.0000
213 0.2700
222 0.6200
223 0.7200
226 0.5200
229 0.8200
238 0.1600
246 0.8600
280 0.8100
282 0.1800
286 0.7300
287 0.2400
290 0.5900
291 0.3800
292 0.3800
299 0.2300
309 0.4300
319 0.3900
365 0.0100
367 0.5100
375 0.4200
381 0.7700
384 0.5600
389 0.8900
405 0.4500
408 0.7300
431 0.2800
441 0.8700
450 0.7700
486 1.0000
487 0.4400
532 0.1600
540 0.0500
556 0.1700
568 0.0200
581 0.5100
619 0.9700
628 0.8300
670 0.0900
678 0.2700
715 0.0800
717 0.5800
757 0.6300
777 0.6800
781 0.4300
786 0.6200
823 0.3400
834 0.1600
855 0.0900
968 0.4600
1050 0.8100
1070 0.3400
1072 0.4400
1114 0.4000
1119 0.4600
1290 0.8400
1313 0.5300
1329 0.1900
1352 0.4500
1356 0.9400
1487 0.7700
FRAME t=424404.431 src=55324 n=2113 nz=87 seen=1 seen=1
18 0.1200
21 0.9400
22 0.8400
27 0.3000
29 0.3400
33 0.1400
35 0.4400
40 0.1700
45 0.2000
46 0.1600
53 0.2300
59 0.8100
60 0.1500
104 0.2800
107 0.4700
113 0.4000
119 0.8600
120 0.3100
130 0.1300
139 0.9100
143 0.5200
148 0.9400
150 0.2500
176 0.0100
177 0.6000
187 0.0800
204 0.0000
211 0.1300
213 0.2700
222 0.6200
223 0.7200
226 0.5200
229 0.8200
230 0.1100
238 0.1600
246 0.8600
264 0.2100
276 0.2100
280 0.8100
282 0.1800
286 0.7300
290 0.5900
291 0.3800
292 0.3800
299 0.2300
304 0.2400
319 0.3900
365 0.0100
381 0.7700
384 0.5600
389 0.8900
405 0.4500
408 0.7300
431 0.2800
441 0.8700
450 0.7700
464 0.4100
484 0.4300
486 1.0000
487 0.4400
532 0.1600
540 0.0500
556 0.1700
605 0.4100
619 0.9700
670 0.0900
678 0.2700
715 0.0800
757 0.6300
762 0.8400
769 0.2000
777 0.6800
786 0.6200
823 0.3400
834 0.1600
855 0.0900
968 0.4600
1050 0.8100
1070 0.3400
1072 0.4400
1114 0.4000
1119 0.4600
1313 0.5300
1329 0.1900
1352 0.4500
1356 0.9400
1487 0.7700
FRAME t=424404.449 src=55324 n=2113 nz=87 seen=1 seen=1
18 0.1100
21 0.9300
22 0.8300
27 0.2900
29 0.3300
33 0.1300
35 0.4300
40 0.1600
45 0.1900
46 0.1500
53 0.2200
59 0.8000
60 0.1400
104 0.2700
107 0.4600
113 0.3900
119 0.8500
120 0.3000
130 0.1200
139 0.9000
143 0.5100
148 0.9300
150 0.2400
176 0.0000
177 0.5900
187 0.0700
211 0.1200
213 0.2600
222 0.6100
223 0.7100
226 0.5100
229 0.8100
230 0.1000
238 0.1500
246 0.8500
264 0.2000
276 0.2000
280 0.8000
282 0.1700
286 0.7200
290 0.5800
291 0.3700
292 0.3700
299 0.2200
304 0.2300
319 0.3800
365 0.0000
381 0.7600
384 0.5500
389 0.8800
405 0.4400
408 0.7200
431 0.2700
441 0.8600
450 0.7600
464 0.4000
484 0.4200
486 0.9900
487 0.4300
532 0.1500
540 0.0400
556 0.1600
605 0.4000
619 0.9600
631 1.0000
670 0.0800
678 0.2600
715 0.0700
757 0.6200
762 0.8300
769 0.1900
777 0.6700
786 0.6100
823 0.3300
834 0.1500
855 0.0800
968 0.4500
1050 0.8000
1070 0.3300
1072 0.4300
1114 0.3900
1119 0.4500
1313 0.5200
1329 0.1800
1352 0.4400
1356 0.9300
1487 0.7600
FRAME t=424404.450 src=52523 n=2113 nz=88 seen=1 seen=1
1 0.8300
19 0.8200
21 0.9300
27 0.2900
29 0.3300
35 0.4300
40 0.1600
44 0.1500
53 0.2200
59 0.8000
60 0.1400
76 0.4000
104 0.2700
107 0.4600
113 0.3900
119 0.8500
120 0.3000
126 0.5300
130 0.1200
139 0.9000
143 0.5100
148 0.9300
150 0.2400
161 0.5200
176 0.0000
177 0.5900
187 0.0700
213 0.2600
222 0.6100
223 0.7100
226 0.5100
229 0.8100
238 0.1500
246 0.8500
280 0.8000
282 0.1700
286 0.7200
287 0.2300
290 0.5800
291 0.3700
292 0.3700
299 0.2200
309 0.4200
319 0.3800
365 0.0000
367 0.5000
375 0.4100
381 0.7600
384 0.5500
389 0.8800
405 0.4400
408 0.7200
431 0.2700
441 0.8600
450 0.7600
486 0.9900
487 0.4300
532 0.1500
540 0.0400
556 0.1600
568 0.0100
581 0.5000
619 0.9600
628 0.8200
631 1.0000
670 0.0800
678 0.2600
715 0.0700
717 0.5700
757 0.6200
777 0.6700
781 0.4200
786 0.6100
823 0.3300
834 0.1500
855 0.0800
968 0.4500
1050 0.8000
1070 0.3300
1072 0.4300
1114 0.3900
1119 0.4500
1290 0.8300
1313 0.5200
1329 0.1800
1352 0.4400
1356 0.9300
1487 0.7600
FRAME t=424404.471 src=52523 n=2113 nz=87 seen=1 seen=1
1 0.8200
19 0.8100
21 0.9200
27 0.2800
29 0.3200
35 0.4200
40 0.1500
44 0.1400
45 1.0000
53 0.2100
59 0.7900
60 0.1300
76 0.3900
104 0.2600
107 0.4500
113 0.3800
119 0.8400
120 0.2900
126 0.5200
130 0.1100
139 0.8900
143 0.5000
148 0.9200
150 0.2300
161 0.5100
177 0.5800
187 0.0600
213 0.2500
222 0.6000
223 0.7000
226 0.5000
229 0.8000
238 0.1400
246 0.8400
280 0.7900
282 0.1600
286 0.7100
287 0.2200
290 0.5700
291 0.3600
292 0.3600
299 0.2100
309 0.4100
319 0.3700
367 0.4900
375 0.4000
381 0.7500
384 0.5400
389 0.8700
405 0.4300
408 0.7100
431 0.2600
441 0.8500
450 0.7500
486 0.9800
487 0.4200
532 0.1400
540 0.0300
556 0.1500
568 0.0000
581 0.4900
619 0.9500
628 0.8100
631 0.9900
670 0.0700
678 0.2500
715 0.0600
717 0.5600
757 0.6100
777 0.6600
781 0.4100
786 0.6000
823 0.3200
834 0.1400
855 0.0700
968 0.4400
1050 0.7900
1070 0.3200
1072 0.4200
1114 0.3800
1119 0.4400
1290 0.8200
1313 0.5100
1329 0.1700
1352 0.4300
1356 0.9200
1487 0.7500
FRAME t=424404.472 src=55324 n=2113 nz=85 seen=1 seen=1
18 0.1000
21 0.9200
22 0.8200
27 0.2800
29 0.3200
33 0.1200
35 0.4200
40 0.1500
45 1.0000
46 0.1400
53 0.2100
59 0.7900
60 0.1300
104 0.2600
107 0.4500
113 0.3800
119 0.8400
120 0.2900
130 0.1100
139 0.8900
143 0.5000
148 0.9200
150 0.2300
177 0.5800
187 0.0600
211 0.1100
213 0.2500
222 0.6000
223 0.7000
226 0.5000
229 0.8000
230 0.0900
238 0.1400
246 0.8400
264 0.1900
276 0.1900
280 0.7900
282 0.1600
286 0.7100
290 0.5700
291 0.3600
292 0.3600
299 0.2100
304 0.2200
319 0.3700
381 0.7500
384 0.5400
389 0.8700
405 0.4300
408 0.7100
431 0.2600
441 0.8500
450 0.7500
464 0.3900
484 0.4100
486 0.9800
487 0.4200
532 0.1400
540 0.0300
556 0.1500
605 0.3900
619 0.9500
631 0.9900
670 0.0700
678 0.2500
715 0.0600
757 0.6100
762 0.8200
769 0.1800
777 0.6600
786 0.6000
823 0.3200
834 0.1400
855 0.0700
968 0.4400
1050 0.7900
1070 0.3200
1072 0.4200
1114 0.3800
1119 0.4400
1313 0.5100
1329 0.1700
1352 0.4300
1356 0.9200
1487 0.7500
FRAME t=424404.491 src=55324 n=2113 nz=88 seen=1 seen=1
18 0.0900
21 0.9100
22 0.8100
27 0.2700
29 0.3100
33 0.1100
35 0.4100
40 0.1400
45 0.9900
46 0.1300
53 0.2000
59 0.7800
60 0.1200
104 0.2500
107 0.4400
113 0.3700
119 0.8300
120 0.2800
130 0.1000
139 0.8800
143 0.4900
148 0.9100
150 0.2200
177 0.5700
187 0.0500
197 1.0000
211 0.1000
213 0.2400
222 0.5900
223 0.6900
226 0.4900
229 0.7900
230 0.0800
238 0.1300
246 0.8300
264 0.1800
276 0.1800
280 0.7800
282 0.1500
286 0.7000
290 0.5600
291 0.3500
292 0.3500
299 0.2000
304 0.2100
319 0.3600
381 0.7400
384 0.5300
389 0.8600
405 0.4200
408 0.7000
431 0.2500
441 0.8400
450 0.7400
464 0.3800
484 0.4000
486 0.9700
487 0.4100
532 0.1300
540 0.0200
556 0.1400
605 0.3800
619 0.9400
631 0.9800
670 0.0600
678 0.2400
715 0.0500
757 0.6000
762 0.8100
769 0.1700
777 0.6500
786 0.5900
823 0.3100
828 1.0000
834 0.1300
855 0.0600
856 1.0000
968 0.4300
1050 0.7800
1070 0.3100
1072 0.4100
1114 0.3700
1119 0.4300
1313 0.5000
1329 0.1600
1352 0.4200
1356 0.9100
1487 0.7400
FRAME t=424404.492 src=52523 n=2113 nz=89 seen=1 seen=1
1 0.8100
19 0.8000
21 0.9100
27 0.2700
29 0.3100
35 0.4100
40 0.1400
44 0.1300
45 0.9900
53 0.2000
59 0.7800
60 0.1200
76 0.3800
104 0.2500
107 0.4400
113 0.3700
119 0.8300
120 0.2800
126 0.5100
130 0.1000
139 0.8800
143 0.4900
148 0.9100
150 0.2200
161 0.5000
177 0.5700
187 0.0500
197 1.0000
213 0.2400
222 0.5900
223 0.6900
226 0.4900
229 0.7900
238 0.1300
246 0.8300
280 0.7800
282 0.1500
286 0.7000
287 0.2100
290 0.5600
291 0.3500
292 0.3500
299 0.2000
309 0.4000
319 0.3600
367 0.4800
375 0.3900
381 0.7400
384 0.5300
389 0.8600
405 0.4200
408 0.7000
431 0.2500
441 0.8400
450 0.7400
486 0.9700
487 0.4100
532 0.1300
540 0.0200
556 0.1400
581 0.4800
619 0.9400
628 0.8000
631 0.9800
670 0.0600
678 0.2400
715 0.0500
717 0.5500
757 0.6000
777 0.6500
781 0.4000
786 0.5900
823 0.3100
828 1.0000
834 0.1300
855 0.0600
856 1.0000
968 0.4300
1050 0.7800
1070 0.3100
1072 0.4100
1114 0.3700
1119 0.4300
1290 0.8100
1313 0.5000
1329 0.1600
1352 0.4200
1356 0.9100
1487 0.7400
FRAME t=424404.512 src=52523 n=2113 nz=91 seen=1 seen=1
1 0.8000
19 0.7900
21 0.9000
27 0.2600
29 0.3000
35 0.4000
40 0.1300
44 0.1200
45 0.9800
48 1.0000
53 0.1900
59 0.7700
60 0.1100
76 0.3700
104 0.2400
107 0.4300
113 0.3600
119 0.8200
120 0.2700
126 0.5000
130 0.0900
139 0.8700
143 0.4800
148 0.9000
150 0.2100
161 0.4900
177 0.5600
187 0.0400
197 0.9900
213 0.2300
222 0.5800
223 0.6800
226 0.4800
229 0.7800
238 0.1200
246 0.8200
280 0.7700
282 0.1400
286 0.6900
287 0.2000
290 0.5500
291 0.3400
292 0.3400
299 0.1900
309 0.3900
319 0.3500
367 0.4700
375 0.3800
381 0.7300
384 0.5200
389 0.8500
405 0.4100
408 0.6900
431 0.2400
441 0.8300
450 0.7300
486 0.9600
487 0.4000
532 0.1200
540 0.0100
556 0.1300
581 0.4700
619 0.9300
628 0.7900
631 0.9700
670 0.0500
678 0.2300
715 0.0400
717 0.5400
757 0.5900
777 0.6400
781 0.3900
786 0.5800
823 0.3000
828 0.9900
834 0.1200
855 0.0500
856 0.9900
968 0.4200
1050 0.7700
1070 0.3000
1072 0.4000
1114 0.3600
1119 0.4200
1225 1.0000
1290 0.8000
1313 0.4900
1329 0.1500
1352 0.4100
1356 0.9000
1487 0.7300
FRAME t=424404.513 src=55324 n=2113 nz=90 seen=1 seen=1
18 0.0800
21 0.9000
22 0.8000
27 0.2600
29 0.3000
33 0.1000
35 0.4000
40 0.1300
45 0.9800
46 0.1200
48 1.0000
53 0.1900
59 0.7700
60 0.1100
104 0.2400
107 0.4300
113 0.3600
119 0.8200
120 0.2700
130 0.0900
139 0.8700
143 0.4800
148 0.9000
150 0.2100
177 0.5600
187 0.0400
197 0.9900
211 0.0900
213 0.2300
222 0.5800
223 0.6800
226 0.4800
229 0.7800
230 0.0700
238 0.1200
246 0.8200
264 0.1700
276 0.1700
280 0.7700
282 0.1400
286 0.6900
290 0.5500
291 0.3400
292 0.3400
299 0.1900
304 0.2000
319 0.3500
381 0.7300
384 0.5200
389 0.8500
405 0.4100
408 0.6900
431 0.2400
441 0.8300
450 0.7300
464 0.3700
484 0.3900
486 0.9600
487 0.4000
532 0.1200
540 0.0100
556 0.1300
605 0.3700
619 0.9300
631 0.9700
670 0.0500
678 0.2300
715 0.0400
757 0.5900
762 0.8000
769 0.1600
777 0.6400
786 0.5800
823 0.3000
828 0.9900
834 0.1200
855 0.0500
856 0.9900
968 0.4200
1050 0.7700
1070 0.3000
1072 0.4000
1114 0.3600
1119 0.4200
1225 1.0000
1313 0.4900
1329 0.1500
1352 0.4100
1356 0.9000
1487 0.7300
FRAME t=424404.534 src=55324 n=2113 nz=91 seen=1 seen=1
18 0.0700
21 0.8900
22 0.7900
27 0.2500
29 0.2900
33 0.0900
35 0.3900
40 0.1200
45 0.9700
46 0.1100
48 0.9900
53 0.1800
59 0.7600
60 0.1000
104 0.2300
107 0.4200
113 0.3500
119 0.8100
120 0.2600
130 0.0800
139 0.8600
143 0.4700
148 0.8900
150 0.2000
177 0.5500
187 0.0300
197 0.9800
211 0.0800
213 0.2200
222 0.5700
223 0.6700
226 0.4700
229 0.7700
230 0.0600
238 0.1100
246 0.8100
264 0.1600
276 0.1600
280 0.7600
282 0.1300
286 0.6800
290 0.5400
291 0.3300
292 0.3300
299 0.1800
304 0.1900
319 0.3400
381 0.7200
384 0.5100
389 0.8400
405 0.4000
408 0.6800
431 0.2300
441 0.8200
450 0.7200
464 0.3600
484 0.3800
486 0.9500
487 0.3900
532 0.1100
540 0.0000
556 0.1200
605 0.3600
619 0.9200
631 0.9600
670 0.0400
678 0.2200
715 0.0300
757 0.5800
762 0.7900
769 0.1500
777 0.6300
786 0.5700
823 0.2900
828 0.9800
834 0.1100
855 0.0400
856 0.9800
968 0.4100
1050 0.7600
1070 0.2900
1072 0.3900
1114 0.3500
1119 0.4100
1225 0.9900
1313 0.4800
1329 0.1400
1352 0.4000
1356 0.8900
1414 1.0000
1487 0.7200
FRAME t=424404.535 src=52523 n=2113 nz=92 seen=1 seen=1
1 0.7900
19 0.7800
21 0.8900
27 0.2500
29 0.2900
35 0.3900
40 0.1200
44 0.1100
45 0.9700
48 0.9900
53 0.1800
59 0.7600
60 0.1000
76 0.3600
104 0.2300
107 0.4200
113 0.3500
119 0.8100
120 0.2600
126 0.4900
130 0.0800
139 0.8600
143 0.4700
148 0.8900
150 0.2000
161 0.4800
177 0.5500
187 0.0300
197 0.9800
213 0.2200
222 0.5700
223 0.6700
226 0.4700
229 0.7700
238 0.1100
246 0.8100
280 0.7600
282 0.1300
286 0.6800
287 0.1900
290 0.5400
291 0.3300
292 0.3300
299 0.1800
309 0.3800
319 0.3400
367 0.4600
375 0.3700
381 0.7200
384 0.5100
389 0.8400
405 0.4000
408 0.6800
431 0.2300
441 0.8200
450 0.7200
486 0.9500
487 0.3900
532 0.1100
540 0.0000
556 0.1200
581 0.4600
619 0.9200
628 0.7800
631 0.9600
670 0.0400
678 0.2200
715 0.0300
717 0.5300
757 0.5800
777 0.6300
781 0.3800
786 0.5700
823 0.2900
828 0.9800
834 0.1100
855 0.0400
856 0.9800
968 0.4100
1050 0.7600
1070 0.2900
1072 0.3900
1114 0.3500
1119 0.4100
1225 0.9900
1290 0.7900
1313 0.4800
1329 0.1400
1352 0.4000
1356 0.8900
1414 1.0000
1487 0.7200
FRAME t=424404.554 src=52523 n=2113 nz=91 seen=1 seen=1
1 0.7800
19 0.7700
21 0.8800
27 0.2400
29 0.2800
35 0.3800
40 0.1100
44 0.1000
45 0.9600
48 0.9800
53 0.1700
59 0.7500
60 0.0900
76 0.3500
104 0.2200
107 0.4100
113 0.3400
119 0.8000
120 0.2500
126 0.4800
130 0.0700
139 0.8500
143 0.4600
148 0.8800
150 0.1900
161 0.4700
177 0.5400
187 0.0200
197 0.9700
213 0.2100
222 0.5600
223 0.6600
226 0.4600
229 0.7600
238 0.1000
246 0.8000
280 0.7500
282 0.1200
286 0.6700
287 0.1800
290 0.5300
291 0.3200
292 0.3200
299 0.1700
309 0.3700
319 0.3300
367 0.4500
375 0.3600
381 0.7100
384 0.5000
389 0.8300
405 0.3900
408 0.6700
431 0.2200
441 0.8100
450 0.7100
486 0.9400
487 0.3800
532 0.1000
556 0.1100
581 0.4500
619 0.9100
628 0.7700
631 0.9500
670 0.0300
678 0.2100
715 0.0200
717 0.5200
757 0.5700
777 0.6200
781 0.3700
786 0.5600
823 0.2800
828 0.9700
834 0.1000
855 0.0300
856 0.9700
968 0.4000
1050 0.7500
1070 0.2800
1072 0.3800
1114 0.3400
1119 0.4000
1225 0.9800
1290 0.7800
1313 0.4700
1329 0.1300
1352 0.3900
1356 0.8800
1414 0.9900
1487 0.7100
FRAME t=424404.556 src=55324 n=2113 nz=90 seen=1 seen=1
18 0.0600
21 0.8800
22 0.7800
27 0.2400
29 0.2800
33 0.0800
35 0.3800
40 0.1100
45 0.9600
46 0.1000
48 0.9800
53 0.1700
59 0.7500
60 0.0900
104 0.2200
107 0.4100
113 0.3400
119 0.8000
120 0.2500
130 0.0700
139 0.8500
143 0.4600
148 0.8800
150 0.1900
177 0.5400
187 0.0200
197 0.9700
211 0.0700
213 0.2100
222 0.5600
223 0.6600
226 0.4600
229 0.7600
230 0.0500
238 0.1000
246 0.8000
264 0.1500
276 0.1500
280 0.7500
282 0.1200
286 0.6700
290 0.5300
291 0.3200
292 0.3200
299 0.1700
304 0.1800
319 0.3300
381 0.7100
384 0.5000
389 0.8300
405 0.3900
408 0.6700
431 0.2200
441 0.8100
450 0.7100
464 0.3500
484 0.3700
486 0.9400
487 0.3800
532 0.1000
556 0.1100
605 0.3500
619 0.9100
631 0.9500
670 0.0300
678 0.2100
715 0.0200
757 0.5700
762 0.7800
769 0.1400
777 0.6200
786 0.5600
823 0.2800
828 0.9700
834 0.1000
855 0.0300
856 0.9700
968 0.4000
1050 0.7500
1070 0.2800
1072 0.3800
1114 0.3400
1119 0.4000
1225 0.9800
1313 0.4700
1329 0.1300
1352 0.3900
1356 0.8800
1414 0.9900
1487 0.7100
FRAME t=424404.617 src=55324 n=2113 nz=90 seen=1 seen=1
18 0.0300
21 0.8500
22 0.7500
27 0.2100
29 0.2500
33 0.0500
35 0.3500
40 0.0800
45 0.9300
46 0.0700
48 0.9500
53 0.1400
59 0.7200
60 0.0600
104 0.1900
107 0.3800
113 0.3100
119 0.7700
120 0.2200
130 0.0400
134 1.0000
139 0.8200
143 0.4300
148 0.8500
150 0.1600
177 0.5100
197 0.9400
211 0.0400
213 0.1800
222 0.5300
223 0.6300
226 0.4300
229 0.7300
230 0.0200
238 0.0700
246 0.7700
264 0.1200
276 0.1200
280 0.7200
282 0.0900
286 0.6400
290 0.5000
291 0.2900
292 0.2900
299 0.1400
304 0.1500
319 0.3000
381 0.6800
384 0.4700
389 0.8000
405 0.3600
408 0.6400
431 0.1900
441 0.7800
450 0.6800
464 0.3200
484 0.3400
486 0.9100
487 0.3500
532 0.0700
556 0.0800
605 0.3200
619 0.8800
631 0.9200
670 0.0000
678 0.1800
757 0.5400
762 0.7500
769 0.1100
777 0.5900
786 0.5300
823 0.2500
828 0.9400
834 0.0700
855 0.0000
856 0.9400
968 0.3700
1050 0.7200
1070 0.2500
1072 0.3500
1114 0.3100
1119 0.3700
1225 0.9500
1313 0.4400
1329 0.1000
1352 0.3600
1356 0.8500
1383 0.9800
1414 0.9600
1487 0.6800
FRAME t=424404.618 src=52523 n=2113 nz=92 seen=1 seen=1
1 0.7500
19 0.7400
21 0.8500
27 0.2100
29 0.2500
35 0.3500
40 0.0800
44 0.0700
45 0.9300
48 0.9500
53 0.1400
59 0.9800
60 0.0600
76 0.3200
104 0.1900
107 0.3800
113 0.3100
119 0.7700
120 0.2200
126 0.4500
130 0.0400
139 0.8200
143 0.4300
148 0.8500
150 0.1600
161 0.4400
177 0.5100
197 0.9400
213 0.1800
222 0.5300
223 0.6300
226 0.4300
229 0.7300
238 0.0700
246 0.7700
280 0.7200
282 0.0900
286 0.6400
287 0.1500
290 0.5000
291 0.2900
292 0.2900
299 0.1400
302 0.9800
309 0.3400
319 0.3000
367 0.4200
375 0.3300
381 0.6800
384 0.4700
389 0.8000
405 0.3600
408 0.6400
431 0.1900
441 0.7800
450 0.6800
486 0.9100
487 0.3500
532 0.0700
556 0.0800
581 0.4200
619 0.8800
628 0.7400
631 0.9200
670 0.0000
678 0.1800
717 0.4900
757 0.5400
759 1.0000
777 0.5900
781 0.3400
786 0.5300
823 0.2500
828 0.9400
834 0.0700
855 0.0000
856 0.9400
968 0.3700
1050 0.7200
1070 0.2500
1072 0.3500
1114 0.3100
1119 0.3700
1225 0.9500
1290 0.7500
1313 0.4400
1329 0.1000
1352 0.3600
1356 0.8500
1383 0.9800
1414 0.9600
1487 0.6800
FRAME t=424404.680 src=55324 n=2113 nz=87 seen=1 seen=1
18 0.0000
21 0.8200
22 0.7200
27 0.1800
29 0.2200
33 0.0200
35 0.3200
40 0.0500
45 0.9000
46 0.0400
48 0.9200
53 0.1100
59 0.6900
60 0.0300
104 0.1600
107 0.3500
113 0.2800
119 0.7400
120 0.1900
130 0.0100
134 0.9700
139 0.7900
143 0.4000
148 0.8200
150 0.1300
177 0.4800
197 0.9100
211 0.0100
213 0.1500
222 0.5000
223 0.6000
226 0.4000
229 0.7000
238 0.0400
246 0.7400
264 0.0900
276 0.0900
280 0.6900
282 0.0600
286 0.6100
290 0.4700
291 0.2600
292 0.2600
299 0.1100
304 0.1200
319 0.2700
381 0.6500
384 0.4400
389 0.7700
405 0.3300
408 0.6100
431 0.1600
441 0.7500
450 0.6500
464 0.2900
484 0.3100
486 0.8800
487 0.3200
532 0.0400
556 0.0500
605 0.2900
619 0.8500
631 0.8900
678 0.1500
757 0.5100
762 0.7200
769 0.0800
777 0.5600
786 0.5000
823 0.2200
828 0.9100
834 0.0400
856 0.9100
968 0.3400
1050 0.6900
1070 0.2200
1072 0.3200
1114 0.2800
1119 0.3400
1225 0.9200
1313 0.4100
1329 0.0700
1352 0.3300
1356 0.8200
1383 0.9500
1414 0.9300
1487 0.6500
FRAME t=424404.699 src=55324 n=2113 nz=86 seen=1 seen=1
21 0.8100
22 0.7100
27 0.1700
29 0.2100
33 0.0100
35 0.3100
40 0.0400
45 0.8900
46 0.0300
48 0.9100
53 0.1000
59 0.6800
60 0.0200
104 0.1500
107 0.3400
113 0.2700
119 0.7300
120 0.1800
130 0.0000
134 0.9600
139 0.7800
143 0.3900
148 0.8100
150 0.1200
177 0.4700
197 0.9000
211 0.0000
213 0.1400
222 0.4900
223 0.5900
226 0.3900
229 0.6900
238 0.0300
246 0.7300
264 0.0800
276 0.0800
280 0.6800
282 0.0500
286 0.6000
290 0.4600
291 0.2500
292 0.2500
299 0.1000
304 0.1100
319 0.2600
381 0.6400
384 0.4300
389 0.7600
405 0.3200
408 0.6000
431 0.1500
441 0.7400
450 0.6400
464 0.2800
484 0.3000
486 0.8700
487 0.3100
532 0.0300
556 0.0400
605 0.2800
619 0.8400
631 0.8800
678 0.1400
757 0.5000
762 0.7100
769 0.0700
777 0.5500
786 0.4900
823 0.2100
828 0.9000
834 0.0300
856 0.9000
968 0.3300
1050 0.6800
1070 0.2100
1072 0.3100
1114 0.2700
1119 0.3300
1225 0.9100
1313 0.4000
1329 0.0600
1352 0.3200
1356 0.8100
1383 0.9400
1414 0.9200
1487 0.6400
FRAME t=424404.721 src=55324 n=2113 nz=84 seen=1 seen=1
21 0.8000
22 0.7000
27 0.1600
29 0.2000
33 0.0000
35 0.3000
40 0.0300
45 0.8800
46 0.0200
48 0.9000
53 0.0900
59 0.6700
60 0.0100
104 0.1400
107 0.3300
113 0.2600
119 0.7200
120 0.1700
134 0.9500
139 0.7700
143 0.3800
148 0.8000
150 0.1100
177 0.4600
197 0.8900
213 0.1300
222 0.4800
223 0.5800
226 0.3800
229 0.6800
238 0.0200
246 0.7200
264 0.0700
276 0.0700
280 0.6700
282 0.0400
286 0.5900
290 0.4500
291 0.2400
292 0.2400
299 0.0900
304 0.1000
319 0.2500
381 0.6300
384 0.4200
389 0.7500
405 0.3100
408 0.5900
431 0.1400
441 0.7300
450 0.6300
464 0.2700
484 0.2900
486 0.8600
487 0.3000
532 0.0200
556 0.0300
605 0.2700
619 0.8300
631 0.8700
678 0.1300
757 0.4900
762 0.7000
769 0.0600
777 0.5400
786 0.4800
823 0.2000
828 0.8900
834 0.0200
856 0.8900
968 0.3200
1050 0.6700
1070 0.2000
1072 0.3000
1114 0.2600
1119 0.3200
1225 0.9000
1313 0.3900
1329 0.0500
1352 0.3100
1356 0.8000
1383 0.9300
1414 0.9100
1487 0.6300
FRAME t=424404.742 src=55324 n=2113 nz=83 seen=1 seen=1
21 0.7900
22 0.6900
27 0.1500
29 0.1900
35 0.2900
40 0.0200
45 0.8700
46 0.0100
48 0.8900
53 0.0800
59 0.6600
60 0.0000
104 0.1300
107 0.3200
113 0.2500
119 0.7100
120 0.1600
134 0.9400
139 0.7600
143 0.3700
148 0.7900
150 0.1000
177 0.4500
197 0.8800
213 0.1200
222 0.4700
223 0.5700
226 0.3700
229 0.6700
238 0.0100
246 0.7100
264 0.0600
276 0.0600
280 0.6600
282 0.0300
286 0.5800
290 0.4400
291 0.2300
292 0.2300
299 0.0800
304 0.0900
319 0.2400
381 0.6200
384 0.4100
389 0.7400
405 0.3000
408 0.5800
431 0.1300
441 0.7200
450 0.6200
464 0.2600
484 0.2800
486 0.8500
487 0.2900
532 0.0100
556 0.0200
605 0.2600
619 0.8200
631 0.8600
678 0.1200
757 0.4800
762 0.6900
769 0.0500
777 0.5300
786 0.4700
823 0.1900
828 0.8800
834 0.0100
856 0.8800
968 0.3100
1050 0.6600
1070 0.1900
1072 0.2900
1114 0.2500
1119 0.3100
1225 0.8900
1313 0.3800
1329 0.0400
1352 0.3000
1356 0.7900
1383 0.9200
1414 0.9000
1487 0.6200
FRAME t=424404.762 src=52523 n=2113 nz=90 seen=1 seen=1
1 0.6800
19 0.6700
21 0.7800
27 0.1400
29 0.1800
35 0.2800
40 0.0100
44 0.0000
45 0.8600
48 0.8800
53 0.0700
59 0.9100
76 0.2500
104 0.1200
107 0.3100
113 0.2400
119 0.7000
120 0.1500
126 0.3800
139 0.7500
143 0.3600
148 0.7800
150 0.0900
161 0.3700
177 0.4400
197 0.8700
213 0.1100
222 0.4600
223 0.5600
226 0.3600
229 0.6600
238 0.0000
246 0.7000
280 0.6500
282 0.0200
286 0.5700
287 0.0800
290 0.4300
291 0.2200
292 0.2200
299 0.0700
302 0.9100
309 0.2700
319 0.2300
349 0.9400
367 0.3500
375 0.2600
381 0.6100
384 0.4000
389 0.7300
405 0.2900
408 0.5700
431 0.1200
441 0.7100
450 0.6100
486 0.8400
487 0.2800
532 0.0000
556 0.0100
581 0.3500
619 0.8100
628 0.6700
631 0.8500
678 0.1100
717 0.4200
757 0.4700
759 0.9300
777 0.5200
781 0.2700
786 0.4600
823 0.1800
828 0.8700
831 0.9400
834 0.0000
856 0.8700
968 0.3000
1050 0.6500
1070 0.1800
1072 0.2800
1114 0.2400
1119 0.3000
1225 0.8800
1290 0.6800
1313 0.3700
1329 0.0300
1352 0.2900
1356 0.7800
1383 0.9100
1414 0.8900
1487 0.6100
FRAME t=424404.763 src=55324 n=2113 nz=82 seen=1 seen=1
21 0.7800
22 0.6800
27 0.1400
29 0.1800
35 0.2800
40 0.0100
45 0.8600
46 0.0000
48 0.8800
53 0.0700
59 0.6500
104 0.1200
107 0.3100
113 0.2400
119 0.7000
120 0.1500
134 0.9300
139 0.7500
143 0.3600
148 0.7800
150 0.0900
177 0.4400
197 0.8700
213 0.1100
222 0.4600
223 0.5600
226 0.3600
229 0.6600
238 0.0000
246 0.7000
264 0.0500
276 0.0500
280 0.6500
282 0.0200
286 0.5700
290 0.4300
291 0.2200
292 0.2200
299 0.0700
304 0.0800
319 0.2300
381 0.6100
384 0.4000
389 0.7300
405 0.2900
408 0.5700
431 0.1200
441 0.7100
450 0.6100
464 0.2500
484 0.2700
486 0.8400
487 0.2800
532 0.0000
556 0.0100
605 0.2500
619 0.8100
631 0.8500
678 0.1100
757 0.4700
762 0.6800
769 0.0400
777 0.5200
786 0.4600
823 0.1800
828 0.8700
834 0.0000
856 0.8700
968 0.3000
1050 0.6500
1070 0.1800
1072 0.2800
1114 0.2400
1119 0.3000
1225 0.8800
1313 0.3700
1329 0.0300
1352 0.2900
1356 0.7800
1383 0.9100
1414 0.8900
1487 0.6100
FRAME t=424404.782 src=55324 n=2113 nz=79 seen=1 seen=1
21 0.7700
22 0.6700
27 0.1300
29 0.1700
35 0.2700
40 0.0000
45 0.8500
48 0.8700
53 0.0600
59 0.6400
104 0.1100
107 0.3000
113 0.2300
119 0.6900
120 0.1400
134 0.9200
139 0.7400
143 0.3500
148 0.7700
150 0.0800
177 0.4300
197 0.8600
201 1.0000
213 0.1000
222 0.4500
223 0.5500
226 0.3500
229 0.6500
246 0.6900
264 0.0400
276 0.0400
280 0.6400
282 0.0100
286 0.5600
290 0.4200
291 0.2100
292 0.2100
299 0.0600
304 0.0700
319 0.2200
381 0.6000
384 0.3900
389 0.7200
405 0.2800
408 0.5600
431 0.1100
441 0.7000
450 0.6000
464 0.2400
484 0.2600
486 0.8300
487 0.2700
556 0.0000
605 0.2400
619 0.8000
631 0.8400
678 0.1000
757 0.4600
762 0.6700
769 0.0300
777 0.5100
786 0.4500
823 0.1700
828 0.8600
856 0.8600
968 0.2900
1050 0.6400
1070 0.1700
1072 0.2700
1114 0.2300
1119 0.2900
1225 0.8700
1313 0.3600
1329 0.0200
1352 0.2800
1356 0.7700
1383 0.9000
1414 0.8800
1487 0.6000
FRAME t=424404.783 src=52523 n=2113 nz=87 seen=1 seen=1
1 0.6700
19 0.6600
21 0.7700
27 0.1300
29 0.1700
35 0.2700
40 0.0000
45 0.8500
48 0.8700
53 0.0600
59 0.9000
76 0.2400
104 0.1100
107 0.3000
113 0.2300
119 0.6900
120 0.1400
126 0.3700
139 0.7400
143 0.3500
148 0.7700
150 0.0800
161 0.3600
177 0.4300
197 0.8600
201 1.0000
213 0.1000
222 0.4500
223 0.5500
226 0.3500
229 0.6500
246 0.6900
280 0.6400
282 0.0100
286 0.5600
287 0.0700
290 0.4200
291 0.2100
292 0.2100
299 0.0600
302 0.9000
309 0.2600
319 0.2200
349 0.9300
367 0.3400
375 0.2500
381 0.6000
384 0.3900
389 0.7200
405 0.2800
408 0.5600
431 0.1100
441 0.7000
450 0.6000
486 0.8300
487 0.2700
556 0.0000
581 0.3400
619 0.8000
628 0.6600
631 0.8400
678 0.1000
717 0.4100
757 0.4600
759 0.9200
777 0.5100
781 0.2600
786 0.4500
823 0.1700
828 0.8600
831 0.9300
856 0.8600
968 0.2900
1050 0.6400
1070 0.1700
1072 0.2700
1114 0.2300
1119 0.2900
1225 0.8700
1290 0.6700
1313 0.3600
1329 0.0200
1352 0.2800
1356 0.7700
1383 0.9000
1414 0.8800
1487 0.6000
FRAME t=424404.803 src=52523 n=2113 nz=85 seen=1 seen=1
1 0.6600
19 0.6500
21 0.7600
27 0.1200
29 0.1600
35 0.2600
45 0.8400
48 0.8600
53 0.0500
59 0.8900
76 0.2300
104 0.1000
107 0.2900
113 0.2200
119 0.6800
120 0.1300
126 0.3600
139 0.7300
143 0.3400
148 0.7600
150 0.0700
161 0.3500
177 0.4200
197 0.8500
201 0.9900
213 0.0900
222 0.4400
223 0.5400
226 0.3400
229 0.6400
246 0.6800
280 0.6300
282 0.0000
286 0.5500
287 0.0600
290 0.4100
291 0.2000
292 0.2000
299 0.0500
302 0.8900
309 0.2500
319 0.2100
349 0.9200
367 0.3300
375 0.2400
381 0.5900
384 0.3800
389 0.7100
405 0.2700
408 0.5500
431 0.1000
441 0.6900
450 0.5900
486 0.8200
487 0.2600
581 0.3300
619 0.7900
628 0.6500
631 0.8300
678 0.0900
717 0.4000
757 0.4500
759 0.9100
777 0.5000
781 0.2500
786 0.4400
823 0.1600
828 0.8500
831 0.9200
856 0.8500
968 0.2800
1050 0.6300
1070 0.1600
1072 0.2600
1114 0.2200
1119 0.2800
1225 0.8600
1290 0.6600
1313 0.3500
1329 0.0100
1352 0.2700
1356 0.7600
1383 0.8900
1414 0.8700
1487 0.5900
FRAME t=424404.804 src=55324 n=2113 nz=77 seen=1 seen=1
21 0.7600
22 0.6600
27 0.1200
29 0.1600
35 0.2600
45 0.8400
48 0.8600
53 0.0500
59 0.6300
104 0.1000
107 0.2900
113 0.2200
119 0.6800
120 0.1300
134 0.9100
139 0.7300
143 0.3400
148 0.7600
150 0.0700
177 0.4200
197 0.8500
201 0.9900
213 0.0900
222 0.4400
223 0.5400
226 0.3400
229 0.6400
246 0.6800
264 0.0300
276 0.0300
280 0.6300
282 0.0000
286 0.5500
290 0.4100
291 0.2000
292 0.2000
299 0.0500
304 0.0600
319 0.2100
381 0.5900
384 0.3800
389 0.7100
405 0.2700
408 0.5500
431 0.1000
441 0.6900
450 0.5900
464 0.2300
484 0.2500
486 0.8200
487 0.2600
605 0.2300
619 0.7900
631 0.8300
678 0.0900
757 0.4500
762 0.6600
769 0.0200
777 0.5000
786 0.4400
823 0.1600
828 0.8500
856 0.8500
968 0.2800
1050 0.6300
1070 0.1600
1072 0.2600
1114 0.2200
1119 0.2800
1225 0.8600
1313 0.3500
1329 0.0100
1352 0.2700
1356 0.7600
1383 0.8900
1414 0.8700
1487 0.5900
FRAME t=424404.824 src=55324 n=2113 nz=76 seen=1 seen=1
21 0.7500
22 0.6500
27 0.1100
29 0.1500
35 0.2500
45 0.8300
48 0.8500
53 0.0400
59 0.6200
104 0.0900
107 0.2800
113 0.2100
119 0.6700
120 0.1200
134 0.9000
139 0.7200
143 0.3300
148 0.7500
150 0.0600
177 0.4100
197 0.8400
201 0.9800
213 0.0800
222 0.4300
223 0.5300
226 0.3300
229 0.6300
246 0.6700
264 0.0200
276 0.0200
280 0.6200
286 0.5400
290 0.4000
291 0.1900
292 0.1900
299 0.0400
304 0.0500
319 0.2000
381 0.5800
384 0.3700
389 0.7000
405 0.2600
408 0.5400
431 0.0900
441 0.6800
450 0.5800
464 0.2200
484 0.2400
486 0.8100
487 0.2500
605 0.2200
619 0.7800
631 0.8200
678 0.0800
757 0.4400
762 0.6500
769 0.0100
777 0.4900
786 0.4300
823 0.1500
828 0.8400
856 0.8400
968 0.2700
1050 0.6200
1070 0.1500
1072 0.2500
1114 0.2100
1119 0.2700
1225 0.8500
1313 0.3400
1329 0.0000
1352 0.2600
1356 0.7500
1383 0.8800
1414 0.8600
1487 0.5800
FRAME t=424404.825 src=52523 n=2113 nz=84 seen=1 seen=1
1 0.6500
19 0.6400
21 0.7500
27 0.1100
29 0.1500
35 0.2500
45 0.8300
48 0.8500
53 0.0400
59 0.8800
76 0.2200
104 0.0900
107 0.2800
113 0.2100
119 0.6700
120 0.1200
126 0.3500
139 0.7200
143 0.3300
148 0.7500
150 0.0600
161 0.3400
177 0.4100
197 0.8400
201 0.9800
213 0.0800
222 0.4300
223 0.5300
226 0.3300
229 0.6300
246 0.6700
280 0.6200
286 0.5400
287 0.0500
290 0.4000
291 0.1900
292 0.1900
299 0.0400
302 0.8800
309 0.2400
319 0.2000
349 0.9100
367 0.3200
375 0.2300
381 0.5800
384 0.3700
389 0.7000
405 0.2600
408 0.5400
431 0.0900
441 0.6800
450 0.5800
486 0.8100
487 0.2500
581 0.3200
619 0.7800
628 0.6400
631 0.8200
678 0.0800
717 0.3900
757 0.4400
759 0.9000
777 0.4900
781 0.2400
786 0.4300
823 0.1500
828 0.8400
831 0.9100
856 0.8400
968 0.2700
1050 0.6200
1070 0.1500
1072 0.2500
1114 0.2100
1119 0.2700
1225 0.8500
1290 0.6500
1313 0.3400
1329 0.0000
1352 0.2600
1356 0.7500
1383 0.8800
1414 0.8600
1487 0.5800
FRAME t=424404.845 src=55324 n=2113 nz=75 seen=1 seen=1
21 0.7400
22 0.6400
27 0.1000
29 0.1400
35 0.2400
45 0.8200
48 0.8400
53 0.0300
59 0.6100
104 0.0800
107 0.2700
113 0.2000
119 0.6600
120 0.1100
134 0.8900
139 0.7100
143 0.3200
148 0.7400
150 0.0500
177 0.4000
197 0.8300
201 0.9700
213 0.0700
222 0.4200
223 0.5200
226 0.3200
229 0.6200
246 0.6600
264 0.0100
276 0.0100
280 0.6100
286 0.5300
290 0.3900
291 0.1800
292 0.1800
299 0.0300
304 0.0400
319 0.1900
381 0.5700
384 0.3600
389 0.6900
405 0.2500
408 0.5300
431 0.0800
441 0.6700
450 0.5700
464 0.2100
484 0.2300
486 0.8000
487 0.2400
605 0.2100
619 0.7700
631 0.8100
678 0.0700
757 0.4300
762 0.6400
769 0.0000
777 0.4800
786 0.4200
823 0.1400
828 0.8300
856 0.8300
968 0.2600
1050 0.6100
1070 0.1400
1072 0.2400
1114 0.2000
1119 0.2600
1225 0.8400
1313 0.3300
1352 0.2500
1356 0.7400
1383 0.8700
1414 0.8500
1487 0.5700
FRAME t=424404.865 src=55324 n=2113 nz=74 seen=1 seen=1
21 0.7300
22 0.6300
27 0.0900
29 0.1300
35 0.2300
45 0.8100
48 0.8300
53 0.0200
59 0.6000
104 0.0700
107 0.2600
113 0.1900
119 0.6500
120 0.1000
134 0.8800
139 0.7000
143 0.3100
148 0.7300
150 0.0400
177 0.3900
197 0.8200
201 0.9600
213 0.0600
222 0.4100
223 0.5100
226 0.3100
229 0.6100
246 0.6500
264 0.0000
276 0.0000
280 0.6000
286 0.5200
290 0.3800
291 0.1700
292 0.1700
299 0.0200
304 0.0300
319 0.1800
381 0.5600
384 0.3500
389 0.6800
405 0.2400
408 0.5200
431 0.0700
441 0.6600
450 0.5600
464 0.2000
484 0.2200
486 0.7900
487 0.2300
605 0.2000
619 0.7600
631 0.8000
678 0.0600
757 0.4200
762 0.6300
777 0.4700
786 0.4100
823 0.1300
828 0.8200
856 0.8200
968 0.2500
1050 0.6000
1070 0.1300
1072 0.2300
1114 0.1900
1119 0.2500
1225 0.8300
1313 0.3200
1352 0.2400
1356 0.7300
1383 0.8600
1414 0.8400
1487 0.5600
FRAME t=424404.886 src=55324 n=2113 nz=74 seen=1 seen=1
21 0.7200
22 0.6200
23 1.0000
27 0.0800
29 0.1200
35 0.2200
45 0.8000
48 0.8200
53 0.0100
59 0.5900
104 0.0600
107 0.2500
113 0.1800
119 0.6400
120 0.0900
134 0.8700
139 0.6900
143 0.3000
148 0.7200
150 0.0300
177 0.3800
197 0.8100
201 0.9500
213 0.0500
222 0.4000
223 0.5000
226 0.3000
229 0.6000
246 0.6400
280 0.5900
286 0.5100
290 0.3700
291 0.1600
292 0.1600
299 0.0100
304 0.0200
319 0.1700
381 0.5500
384 0.3400
389 0.6700
405 0.2300
408 0.5100
431 0.0600
441 0.6500
450 0.5500
464 0.1900
484 0.2100
486 0.7800
487 0.2200
573 1.0000
605 0.1900
619 0.7500
631 0.7900
678 0.0500
757 0.4100
762 0.6200
777 0.4600
786 0.4000
823 0.1200
828 0.8100
856 0.8100
968 0.2400
1050 0.5900
1070 0.1200
1072 0.2200
1114 0.1800
1119 0.2400
1225 0.8200
1313 0.3100
1352 0.2300
1356 0.7200
1383 0.8500
1414 0.8300
1487 0.5500
FRAME t=424404.906 src=55324 n=2113 nz=75 seen=1 seen=1
21 0.7100
22 0.6100
23 0.9900
27 0.0700
29 0.1100
35 0.2100
45 0.7900
48 0.8100
53 0.0000
59 0.5800
104 0.0500
107 0.2400
113 0.1700
119 0.6300
120 0.0800
134 0.8600
139 0.6800
143 0.2900
148 0.7100
150 0.0200
177 0.3700
197 0.8000
201 0.9400
213 0.0400
222 0.3900
223 0.4900
226 0.2900
229 0.5900
246 0.6300
280 0.5800
286 0.5000
290 0.3600
291 0.1500
292 0.1500
299 0.0000
304 0.0100
319 0.1600
381 0.5400
384 0.3300
389 0.6600
405 0.2200
408 0.5000
431 0.0500
441 0.6400
450 0.5400
459 1.0000
464 0.1800
484 0.2000
486 0.7700
487 0.2100
573 0.9900
605 0.1800
619 0.7400
631 0.7800
678 0.0400
757 0.4000
762 0.6100
777 0.4500
786 0.3900
823 0.1100
828 0.8000
856 0.8000
968 0.2300
1050 0.5800
1070 0.1100
1072 0.2100
1114 0.1700
1119 0.2300
1225 0.8100
1313 0.3000
1352 0.2200
1356 0.7100
1383 0.8400
1414 0.8200
1487 0.5400
FRAME t=424404.927 src=52523 n=2113 nz=83 seen=1 seen=1
1 0.6000
19 0.5900
21 0.7000
23 0.9800
27 0.0600
29 0.1000
35 0.2000
45 0.7800
48 0.8000
59 0.8300
76 0.1700
104 0.0400
107 0.2300
113 0.1600
119 0.6200
120 0.0700
126 0.3000
139 0.6700
143 0.2800
148 0.7000
150 0.0100
161 0.2900
177 0.3600
197 0.7900
201 0.9300
213 0.0300
222 0.3800
223 0.4800
226 0.2800
229 0.5800
246 0.6200
280 0.5700
286 0.4900
287 0.0000
290 0.3500
291 0.1400
292 0.1400
302 0.8300
309 0.1900
319 0.1500
349 0.8600
367 0.2700
375 0.1800
381 0.5300
384 0.3200
389 0.6500
405 0.2100
408 0.4900
431 0.0400
441 0.6300
450 0.5300
486 0.7600
487 0.2000
573 0.9800
581 0.2700
619 0.7300
628 0.5900
631 0.7700
678 0.0300
717 0.3400
757 0.3900
759 0.8500
777 0.4400
781 0.1900
786 0.3800
823 0.1000
828 0.7900
831 0.8600
856 0.7900
968 0.2200
1050 0.5700
1070 0.1000
1072 0.2000
1114 0.1600
1119 0.2200
1225 0.8000
1290 0.6000
1313 0.2900
1352 0.2100
1356 0.7000
1383 0.8300
1414 0.8100
1487 0.5300
FRAME t=424404.928 src=55324 n=2113 nz=73 seen=1 seen=1
21 0.7000
22 0.6000
23 0.9800
27 0.0600
29 0.1000
35 0.2000
45 0.7800
48 0.8000
59 0.5700
104 0.0400
107 0.2300
113 0.1600
119 0.6200
120 0.0700
134 0.8500
139 0.6700
143 0.2800
148 0.7000
150 0.0100
177 0.3600
197 0.7900
201 0.9300
213 0.0300
222 0.3800
223 0.4800
226 0.2800
229 0.5800
246 0.6200
280 0.5700
286 0.4900
290 0.3500
291 0.1400
292 0.1400
304 0.0000
319 0.1500
381 0.5300
384 0.3200
389 0.6500
405 0.2100
408 0.4900
431 0.0400
441 0.6300
450 0.5300
459 0.9900
464 0.1700
484 0.1900
486 0.7600
487 0.2000
573 0.9800
605 0.1700
619 0.7300
631 0.7700
678 0.0300
757 0.3900
762 0.6000
777 0.4400
786 0.3800
823 0.1000
828 0.7900
856 0.7900
968 0.2200
1050 0.5700
1070 0.1000
1072 0.2000
1114 0.1600
1119 0.2200
1225 0.8000
1313 0.2900
1352 0.2100
1356 0.7000
1383 0.8300
1414 0.8100
1487 0.5300
FRAME t=424404.946 src=55324 n=2113 nz=72 seen=1 seen=1
21 0.6900
22 0.5900
23 0.9700
27 0.0500
29 0.0900
35 0.1900
45 0.7700
48 0.7900
59 0.5600
104 0.0300
107 0.2200
113 0.1500
119 0.6100
120 0.0600
134 0.8400
139 0.6600
143 0.2700
148 0.6900
150 0.0000
177 0.3500
197 0.7800
201 0.9200
213 0.0200
222 0.3700
223 0.4700
226 0.2700
229 0.5700
246 0.6100
280 0.5600
286 0.4800
290 0.3400
291 0.1300
292 0.1300
319 0.1400
381 0.5200
384 0.3100
389 0.6400
405 0.2000
408 0.4800
431 0.0300
441 0.6200
450 0.5200
459 0.9800
464 0.1600
484 0.1800
486 0.7500
487 0.1900
573 0.9700
605 0.1600
619 0.7200
631 0.7600
678 0.0200
757 0.3800
762 0.5900
777 0.4300
786 0.3700
823 0.0900
828 0.7800
856 0.7800
968 0.2100
1050 0.5600
1070 0.0900
1072 0.1900
1114 0.1500
1119 0.2100
1225 0.7900
1313 0.2800
1352 0.2000
1356 0.6900
1383 0.8200
1414 0.8000
1487 0.5200
FRAME t=424404.947 src=52523 n=2113 nz=82 seen=1 seen=1
1 0.5900
19 0.5800
21 0.6900
23 0.9700
27 0.0500
29 0.0900
35 0.1900
45 0.7700
48 0.7900
59 0.8200
76 0.1600
104 0.0300
107 0.2200
113 0.1500
119 0.6100
120 0.0600
126 0.2900
139 0.6600
143 0.2700
148 0.6900
150 0.0000
161 0.2800
177 0.3500
197 0.7800
201 0.9200
213 0.0200
222 0.3700
223 0.4700
226 0.2700
229 0.5700
246 0.6100
280 0.5600
286 0.4800
290 0.3400
291 0.1300
292 0.1300
302 0.8200
309 0.1800
319 0.1400
349 0.8500
367 0.2600
375 0.1700
381 0.5200
384 0.3100
389 0.6400
405 0.2000
408 0.4800
431 0.0300
441 0.6200
450 0.5200
486 0.7500
487 0.1900
573 0.9700
581 0.2600
619 0.7200
628 0.5800
631 0.7600
678 0.0200
717 0.3300
757 0.3800
759 0.8400
777 0.4300
781 0.1800
786 0.3700
823 0.0900
828 0.7800
831 0.8500
856 0.7800
968 0.2100
1050 0.5600
1070 0.0900
1072 0.1900
1114 0.1500
1119 0.2100
1225 0.7900
1290 0.5900
1313 0.2800
1352 0.2000
1356 0.6900
1383 0.8200
1414 0.8000
1487 0.5200
FRAME t=424405.009 src=52523 n=2113 nz=80 seen=1 seen=1
1 0.5600
19 0.5500
21 0.6600
23 0.9400
27 0.0200
28 0.9800
29 0.0600
35 0.1600
45 0.7400
48 0.7600
59 0.7900
76 0.1300
104 0.0000
107 0.1900
113 0.1200
119 0.5800
120 0.0300
126 0.2600
139 0.6300
143 0.2400
148 0.6600
161 0.2500
177 0.3200
197 0.7500
201 0.8900
222 0.3400
223 0.4400
226 0.2400
229 0.5400
246 0.5800
280 0.5300
286 0.4500
290 0.3100
291 0.1000
292 0.1000
302 0.7900
309 0.1500
319 0.1100
349 0.8200
367 0.2300
375 0.1400
381 0.4900
384 0.2800
389 0.6100
405 0.1700
408 0.4500
431 0.0000
441 0.5900
450 0.4900
486 0.7200
487 0.1600
573 0.9400
581 0.2300
619 0.6900
628 0.5500
631 0.7300
717 0.3000
757 0.3500
759 0.8100
777 0.4000
781 0.1500
786 0.3400
823 0.0600
828 0.7500
831 0.8200
856 0.7500
968 0.1800
1050 0.5300
1070 0.0600
1072 0.1600
1114 0.1200
1119 0.1800
1225 0.7600
1290 0.5600
1313 0.2500
1352 0.1700
1356 0.6600
1383 0.7900
1414 0.7700
1487 0.4900
FRAME t=424405.011 src=55324 n=2113 nz=70 seen=1 seen=1
21 0.6600
22 0.5600
23 0.9400
27 0.0200
28 0.9800
29 0.0600
35 0.1600
45 0.7400
48 0.7600
59 0.5300
104 0.0000
107 0.1900
113 0.1200
119 0.5800
120 0.0300
134 0.8100
139 0.6300
143 0.2400
148 0.6600
177 0.3200
197 0.7500
201 0.8900
222 0.3400
223 0.4400
226 0.2400
229 0.5400
246 0.5800
280 0.5300
286 0.4500
290 0.3100
291 0.1000
292 0.1000
319 0.1100
381 0.4900
384 0.2800
389 0.6100
405 0.1700
408 0.4500
431 0.0000
441 0.5900
450 0.4900
459 0.9500
464 0.1300
484 0.1500
486 0.7200
487 0.1600
573 0.9400
605 0.1300
619 0.6900
631 0.7300
757 0.3500
762 0.5600
777 0.4000
786 0.3400
823 0.0600
828 0.7500
856 0.7500
968 0.1800
1050 0.5300
1070 0.0600
1072 0.1600
1114 0.1200
1119 0.1800
1225 0.7600
1313 0.2500
1352 0.1700
1356 0.6600
1383 0.7900
1414 0.7700
1487 0.4900
FRAME t=424405.031 src=55324 n=2113 nz=68 seen=1 seen=1
21 0.6500
22 0.5500
23 0.9300
27 0.0100
28 0.9700
29 0.0500
35 0.1500
45 0.7300
48 0.7500
59 0.5200
107 0.1800
113 0.1100
119 0.5700
120 0.0200
134 0.8000
139 0.6200
143 0.2300
148 0.6500
177 0.3100
197 0.7400
201 0.8800
222 0.3300
223 0.4300
226 0.2300
229 0.5300
246 0.5700
280 0.5200
286 0.4400
290 0.3000
291 0.0900
292 0.0900
319 0.1000
381 0.4800
384 0.2700
389 0.6000
405 0.1600
408 0.4400
441 0.5800
450 0.4800
459 0.9400
464 0.1200
484 0.1400
486 0.7100
487 0.1500
573 0.9300
605 0.1200
619 0.6800
631 0.7200
757 0.3400
762 0.5500
777 0.3900
786 0.3300
823 0.0500
828 0.7400
856 0.7400
968 0.1700
1050 0.5200
1070 0.0500
1072 0.1500
1114 0.1100
1119 0.1700
1225 0.7500
1313 0.2400
1352 0.1600
1356 0.6500
1383 0.7800
1414 0.7600
1487 0.4800
FRAME t=424405.032 src=52523 n=2113 nz=78 seen=1 seen=1
1 0.5500
19 0.5400
21 0.6500
23 0.9300
27 0.0100
28 0.9700
29 0.0500
35 0.1500
45 0.7300
48 0.7500
59 0.7800
76 0.1200
107 0.1800
113 0.1100
119 0.5700
120 0.0200
126 0.2500
139 0.6200
143 0.2300
148 0.6500
161 0.2400
177 0.3100
197 0.7400
201 0.8800
222 0.3300
223 0.4300
226 0.2300
229 0.5300
246 0.5700
280 0.5200
286 0.4400
290 0.3000
291 0.0900
292 0.0900
302 0.7800
309 0.1400
319 0.1000
349 0.8100
367 0.2200
375 0.1300
381 0.4800
384 0.2700
389 0.6000
405 0.1600
408 0.4400
441 0.5800
450 0.4800
486 0.7100
487 0.1500
573 0.9300
581 0.2200
619 0.6800
628 0.5400
631 0.7200
717 0.2900
757 0.3400
759 0.8000
777 0.3900
781 0.1400
786 0.3300
823 0.0500
828 0.7400
831 0.8100
856 0.7400
968 0.1700
1050 0.5200
1070 0.0500
1072 0.1500
1114 0.1100
1119 0.1700
1225 0.7500
1290 0.5500
1313 0.2400
1352 0.1600
1356 0.6500
1383 0.7800
1414 0.7600
1487 0.4800
FRAME t=424405.057 src=52523 n=2113 nz=79 seen=1 seen=1
1 0.5400
19 0.5300
21 0.6400
23 0.9200
27 0.0000
28 0.9600
29 0.0400
35 0.1400
45 0.7200
48 0.7400
59 0.7700
73 1.0000
76 0.1100
107 0.1700
113 0.1000
119 0.5600
120 0.0100
126 0.2400
139 0.6100
143 0.2200
148 0.6400
161 0.2300
177 0.3000
197 0.7300
201 0.8700
222 0.3200
223 0.4200
226 0.2200
229 0.5200
246 0.5600
280 0.5100
286 0.4300
290 0.2900
291 0.0800
292 0.0800
302 0.7700
309 0.1300
319 0.0900
349 0.8000
367 0.2100
375 0.1200
381 0.4700
384 0.2600
389 0.5900
405 0.1500
408 0.4300
441 0.5700
450 0.4700
486 0.7000
487 0.1400
573 0.9200
581 0.2100
619 0.6700
628 0.5300
631 0.7100
717 0.2800
757 0.3300
759 0.7900
777 0.3800
781 0.1300
786 0.3200
823 0.0400
828 0.7300
831 0.8000
856 0.7300
968 0.1600
1050 0.5100
1070 0.0400
1072 0.1400
1114 0.1000
1119 0.1600
1225 0.7400
1290 0.5400
1313 0.2300
1352 0.1500
1356 0.6400
1383 0.7700
1414 0.7500
1487 0.4700
FRAME t=424405.058 src=55324 n=2113 nz=69 seen=1 seen=1
21 0.6400
22 0.5400
23 0.9200
27 0.0000
28 0.9600
29 0.0400
35 0.1400
45 0.7200
48 0.7400
59 0.5100
73 1.0000
107 0.1700
113 0.1000
119 0.5600
120 0.0100
134 0.7900
139 0.6100
143 0.2200
148 0.6400
177 0.3000
197 0.7300
201 0.8700
222 0.3200
223 0.4200
226 0.2200
229 0.5200
246 0.5600
280 0.5100
286 0.4300
290 0.2900
291 0.0800
292 0.0800
319 0.0900
381 0.4700
384 0.2600
389 0.5900
405 0.1500
408 0.4300
441 0.5700
450 0.4700
459 0.9300
464 0.1100
484 0.1300
486 0.7000
487 0.1400
573 0.9200
605 0.1100
619 0.6700
631 0.7100
757 0.3300
762 0.5400
777 0.3800
786 0.3200
823 0.0400
828 0.7300
856 0.7300
968 0.1600
1050 0.5100
1070 0.0400
1072 0.1400
1114 0.1000
1119 0.1600
1225 0.7400
1313 0.2300
1352 0.1500
1356 0.6400
1383 0.7700
1414 0.7500
1487 0.4700
FRAME t=424405.071 src=55324 n=2113 nz=68 seen=1 seen=1
21 0.6300
22 0.5300
23 0.9100
28 0.9500
29 0.0300
35 0.1300
45 0.7100
48 0.7300
59 0.5000
73 0.9900
107 0.1600
113 0.0900
119 0.5500
120 0.0000
134 0.7800
139 0.6000
143 0.2100
148 0.6300
177 0.2900
197 0.7200
201 0.8600
222 0.3100
223 0.4100
226 0.2100
229 0.5100
246 0.5500
280 0.5000
286 0.4200
290 0.2800
291 0.0700
292 0.0700
319 0.0800
381 0.4600
384 0.2500
389 0.5800
405 0.1400
408 0.4200
441 0.5600
450 0.4600
459 0.9200
464 0.1000
484 0.1200
486 0.6900
487 0.1300
573 0.9100
605 0.1000
619 0.6600
631 0.7000
757 0.3200
762 0.5300
777 0.3700
786 0.3100
823 0.0300
828 0.7200
856 0.7200
968 0.1500
1050 0.5000
1070 0.0300
1072 0.1300
1114 0.0900
1119 0.1500
1225 0.7300
1313 0.2200
1352 0.1400
1356 0.6300
1383 0.7600
1414 0.7400
1487 0.4600
FRAME t=424405.072 src=52523 n=2113 nz=78 seen=1 seen=1
1 0.5300
19 0.5200
21 0.6300
23 0.9100
28 0.9500
29 0.0300
35 0.1300
45 0.7100
48 0.7300
59 0.7600
73 0.9900
76 0.1000
107 0.1600
113 0.0900
119 0.5500
120 0.0000
126 0.2300
139 0.6000
143 0.2100
148 0.6300
161 0.2200
177 0.2900
197 0.7200
201 0.8600
222 0.3100
223 0.4100
226 0.2100
229 0.5100
246 0.5500
280 0.5000
286 0.4200
290 0.2800
291 0.0700
292 0.0700
302 0.7600
309 0.1200
319 0.0800
349 0.7900
367 0.2000
375 0.1100
381 0.4600
384 0.2500
389 0.5800
405 0.1400
408 0.4200
441 0.5600
450 0.4600
486 0.6900
487 0.1300
573 0.9100
581 0.2000
619 0.6600
628 0.5200
631 0.7000
717 0.2700
757 0.3200
759 0.7800
777 0.3700
781 0.1200
786 0.3100
823 0.0300
828 0.7200
831 0.7900
856 0.7200
968 0.1500
1050 0.5000
1070 0.0300
1072 0.1300
1114 0.0900
1119 0.1500
1225 0.7300
1290 0.5300
1313 0.2200
1352 0.1400
1356 0.6300
1383 0.7600
1414 0.7400
1487 0.4600
FRAME t=424405.236 src=55324 n=2113 nz=63 seen=1 seen=1
21 0.5500
22 0.4500
23 0.8300
28 0.8700
35 0.0500
45 0.6300
48 0.6500
59 0.4200
73 0.9100
107 0.0800
113 0.0100
119 0.4700
134 0.7000
139 0.5200
143 0.1300
148 0.5500
177 0.2100
197 0.6400
201 0.7800
222 0.2300
223 0.3300
226 0.1300
229 0.4300
246 0.4700
280 0.4200
286 0.3400
290 0.2000
319 0.0000
381 0.3800
384 0.1700
389 0.5000
405 0.0600
408 0.3400
441 0.4800
450 0.3800
455 0.9800
459 0.8400
464 0.0200
484 0.0400
486 0.6100
487 0.0500
573 0.8300
605 0.0200
619 0.5800
631 0.6200
757 0.2400
762 0.4500
777 0.2900
786 0.2300
828 0.6400
856 0.6400
968 0.0700
1050 0.4200
1072 0.0500
1114 0.0100
1119 0.0700
1225 0.6500
1313 0.1400
1352 0.0600
1356 0.5500
1383 0.6800
1414 0.6600
1487 0.3800
FRAME t=424405.238 src=52523 n=2113 nz=75 seen=1 seen=1
1 0.4500
19 0.4400
21 0.5500
23 0.8300
28 0.8700
35 0.0500
45 0.6300
48 0.6500
59 0.6800
73 0.9100
76 0.0200
107 0.0800
113 0.0100
119 0.4700
126 0.1500
132 1.0000
139 0.5200
143 0.1300
148 0.5500
161 0.1400
177 0.2100
197 0.6400
201 0.7800
222 0.2300
223 0.3300
226 0.1300
229 0.4300
246 0.4700
280 0.4200
286 0.3400
290 0.2000
302 0.6800
309 0.0400
319 0.0000
349 0.7100
367 0.1200
375 0.0300
381 0.3800
384 0.1700
389 0.5000
405 0.0600
408 0.3400
441 0.4800
450 0.3800
455 0.9800
486 0.6100
487 0.0500
573 0.8300
581 0.1200
619 0.5800
621 1.0000
628 0.4400
631 0.6200
717 0.1900
757 0.2400
759 0.7000
777 0.2900
781 0.0400
786 0.2300
828 0.6400
831 0.7100
856 0.6400
968 0.0700
1050 0.4200
1072 0.0500
1114 0.0100
1119 0.0700
1225 0.6500
1290 0.4500
1313 0.1400
1352 0.0600
1356 0.5500
1383 0.6800
1414 0.6600
1487 0.3800
FRAME t=424405.257 src=52523 n=2113 nz=74 seen=1 seen=1
1 0.4400
19 0.4300
21 0.5400
23 0.8200
28 0.8600
35 0.0400
45 0.6200
48 0.6400
59 0.6700
73 0.9000
76 0.0100
107 0.0700
113 0.0000
119 0.4600
126 0.1400
132 0.9900
139 0.5100
143 0.1200
148 0.5400
161 0.1300
177 0.2000
197 0.6300
201 0.7700
222 0.2200
223 0.3200
226 0.1200
229 0.4200
246 0.4600
280 0.4100
286 0.3300
290 0.1900
302 0.6700
309 0.0300
349 0.7000
367 0.1100
375 0.0200
381 0.3700
384 0.1600
389 0.4900
405 0.0500
408 0.3300
441 0.4700
450 0.3700
455 0.9700
486 0.6000
487 0.0400
573 0.8200
581 0.1100
619 0.5700
621 0.9900
628 0.4300
631 0.6100
717 0.1800
757 0.2300
759 0.6900
777 0.2800
781 0.0300
786 0.2200
828 0.6300
831 0.7000
856 0.6300
968 0.0600
1050 0.4100
1072 0.0400
1114 0.0000
1119 0.0600
1225 0.6400
1290 0.4400
1313 0.1300
1352 0.0500
1356 0.5400
1383 0.6700
1414 0.6500
1487 0.3700
FRAME t=424405.258 src=55324 n=2113 nz=62 seen=1 seen=1
21 0.5400
22 0.4400
23 0.8200
28 0.8600
35 0.0400
45 0.6200
48 0.6400
59 0.4100
73 0.9000
107 0.0700
113 0.0000
119 0.4600
134 0.6900
139 0.5100
143 0.1200
148 0.5400
177 0.2000
197 0.6300
201 0.7700
222 0.2200
223 0.3200
226 0.1200
229 0.4200
246 0.4600
280 0.4100
286 0.3300
290 0.1900
381 0.3700
384 0.1600
389 0.4900
405 0.0500
408 0.3300
441 0.4700
450 0.3700
455 0.9700
459 0.8300
464 0.0100
484 0.0300
486 0.6000
487 0.0400
573 0.8200
605 0.0100
619 0.5700
631 0.6100
757 0.2300
762 0.4400
777 0.2800
786 0.2200
828 0.6300
856 0.6300
968 0.0600
1050 0.4100
1072 0.0400
1114 0.0000
1119 0.0600
1225 0.6400
1313 0.1300
1352 0.0500
1356 0.5400
1383 0.6700
1414 0.6500
1487 0.3700
FRAME t=424405.277 src=55324 n=2113 nz=60 seen=1 seen=1
21 0.5300
22 0.4300
23 0.8100
28 0.8500
35 0.0300
45 0.6100
48 0.6300
59 0.4000
73 0.8900
107 0.0600
119 0.4500
134 0.6800
139 0.5000
143 0.1100
148 0.5300
177 0.1900
197 0.6200
201 0.7600
222 0.2100
223 0.3100
226 0.1100
229 0.4100
246 0.4500
280 0.4000
286 0.3200
290 0.1800
381 0.3600
384 0.1500
389 0.4800
405 0.0400
408 0.3200
441 0.4600
450 0.3600
455 0.9600
459 0.8200
464 0.0000
484 0.0200
486 0.5900
487 0.0300
573 0.8100
605 0.0000
619 0.5600
631 0.6000
757 0.2200
762 0.4300
777 0.2700
786 0.2100
828 0.6200
856 0.6200
968 0.0500
1050 0.4000
1072 0.0300
1119 0.0500
1225 0.6300
1313 0.1200
1352 0.0400
1356 0.5300
1383 0.6600
1414 0.6400
1487 0.3600
FRAME t=424405.278 src=52523 n=2113 nz=73 seen=1 seen=1
1 0.4300
19 0.4200
21 0.5300
23 0.8100
28 0.8500
35 0.0300
45 0.6100
48 0.6300
59 0.6600
73 0.8900
76 0.0000
107 0.0600
119 0.4500
126 0.1300
132 0.9800
139 0.5000
143 0.1100
148 0.5300
161 0.1200
177 0.1900
197 0.6200
201 0.7600
222 0.2100
223 0.3100
226 0.1100
229 0.4100
246 0.4500
280 0.4000
286 0.3200
290 0.1800
302 0.6600
309 0.0200
349 0.6900
367 0.1000
375 1.0000
381 0.3600
384 0.1500
389 0.4800
405 0.0400
408 0.3200
441 0.4600
450 0.3600
455 0.9600
486 0.5900
487 0.0300
573 0.8100
581 0.1000
619 0.5600
621 0.9800
628 0.4200
631 0.6000
657 1.0000
717 0.1700
757 0.2200
759 0.6800
777 0.2700
781 0.0200
786 0.2100
828 0.6200
831 0.6900
856 0.6200
968 0.0500
1050 0.4000
1072 0.0300
1119 0.0500
1225 0.6300
1290 0.4300
1313 0.1200
1352 0.0400
1356 0.5300
1383 0.6600
1414 0.6400
1487 0.3600
FRAME t=424405.343 src=52523 n=2113 nz=70 seen=1 seen=1
1 0.4000
19 0.3900
21 0.5000
23 0.7800
28 0.8200
35 0.0000
45 0.5800
48 0.6000
59 0.6300
73 0.8600
107 0.0300
119 0.4200
126 0.1000
132 0.9500
139 0.4700
143 0.0800
148 0.5000
161 0.0900
177 0.1600
197 0.5900
201 0.7300
222 0.1800
223 0.2800
226 0.0800
229 0.3800
246 0.4200
280 0.3700
286 0.2900
290 0.1500
302 0.6300
349 0.6600
367 0.0700
375 0.9700
381 0.3300
384 0.1200
389 0.4500
405 0.0100
408 0.2900
441 0.4300
450 0.3300
455 0.9300
486 0.5600
487 0.0000
573 0.7800
581 0.0700
619 0.5300
621 0.9500
628 0.3900
631 0.5700
657 0.9700
717 0.1400
757 0.1900
759 0.6500
777 0.2400
786 0.1800
828 0.5900
831 0.6600
856 0.5900
968 0.0200
1050 0.3700
1072 0.0000
1119 0.0200
1225 0.6000
1290 0.4000
1313 0.0900
1352 0.0100
1356 0.5000
1383 0.6300
1414 0.6100
1487 0.3300
FRAME t=424405.344 src=55324 n=2113 nz=57 seen=1 seen=1
21 0.5000
22 0.4000
23 0.7800
28 0.8200
35 0.0000
45 0.5800
48 0.6000
59 0.3700
73 0.8600
107 0.0300
119 0.4200
134 0.6500
139 0.4700
143 0.0800
148 0.5000
177 0.1600
197 0.5900
201 0.7300
222 0.1800
223 0.2800
226 0.0800
229 0.3800
246 0.4200
280 0.3700
286 0.2900
290 0.1500
381 0.3300
384 0.1200
389 0.4500
405 0.0100
408 0.2900
441 0.4300
450 0.3300
455 0.9300
459 0.7900
486 0.5600
487 0.0000
573 0.7800
619 0.5300
631 0.5700
757 0.1900
762 0.4000
777 0.2400
786 0.1800
828 0.5900
856 0.5900
968 0.0200
1050 0.3700
1072 0.0000
1119 0.0200
1225 0.6000
1313 0.0900
1352 0.0100
1356 0.5000
1383 0.6300
1414 0.6100
1487 0.3300
FRAME t=424405.363 src=55324 n=2113 nz=55 seen=1 seen=1
21 0.4900
22 0.3900
23 0.7700
28 0.8100
45 0.5700
48 0.5900
59 0.3600
73 0.8500
107 0.0200
119 0.4100
134 0.6400
139 0.4600
143 0.0700
148 0.4900
177 0.1500
197 0.5800
201 0.7200
222 0.1700
223 0.2700
226 0.0700
229 0.3700
246 0.4100
280 0.3600
286 0.2800
290 0.1400
372 1.0000
381 0.3200
384 0.1100
389 0.4400
405 0.0000
408 0.2800
441 0.4200
450 0.3200
455 0.9200
459 0.7800
486 0.5500
573 0.7700
619 0.5200
631 0.5600
757 0.1800
762 0.3900
777 0.2300
786 0.1700
828 0.5800
856 0.5800
968 0.0100
1050 0.3600
1119 0.0100
1225 0.5900
1313 0.0800
1352 0.0000
1356 0.4900
1383 0.6200
1414 0.6000
1487 0.3200
FRAME t=424405.364 src=52523 n=2113 nz=67 seen=1 seen=1
1 0.3900
19 0.3800
21 0.4900
23 0.7700
28 0.8100
45 0.5700
48 0.5900
59 0.6200
73 0.8500
107 0.0200
119 0.4100
126 0.0900
132 0.9400
139 0.4600
143 0.0700
148 0.4900
161 0.0800
177 0.1500
197 0.5800
201 0.7200
222 0.1700
223 0.2700
226 0.0700
229 0.3700
246 0.4100
280 0.3600
286 0.2800
290 0.1400
302 0.6200
349 0.6500
367 0.0600
375 0.9600
381 0.3200
384 0.1100
389 0.4400
405 0.0000
408 0.2800
441 0.4200
450 0.3200
455 0.9200
486 0.5500
573 0.7700
581 0.0600
619 0.5200
621 0.9400
628 0.3800
631 0.5600
657 0.9600
717 0.1300
757 0.1800
759 0.6400
777 0.2300
786 0.1700
828 0.5800
831 0.6500
856 0.5800
968 0.0100
1050 0.3600
1119 0.0100
1225 0.5900
1290 0.3900
1313 0.0800
1352 0.0000
1356 0.4900
1383 0.6200
1414 0.6000
1487 0.3200
FRAME t=424405.385 src=52523 n=2113 nz=65 seen=1 seen=1
1 0.3800
19 0.3700
21 0.4800
23 0.7600
28 0.8000
45 0.5600
48 0.5800
59 0.6100
73 0.8400
107 0.0100
119 0.4000
126 0.0800
132 0.9300
139 0.4500
143 0.0600
148 0.4800
161 0.0700
177 0.1400
197 0.5700
201 0.7100
222 0.1600
223 0.2600
226 0.0600
229 0.3600
246 0.4000
280 0.3500
286 0.2700
290 0.1300
302 0.6100
349 0.6400
367 0.0500
375 0.9500
381 0.3100
384 0.1000
389 0.4300
408 0.2700
441 0.4100
450 0.3100
455 0.9100
486 0.5400
573 0.7600
581 0.0500
619 0.5100
621 0.9300
628 0.3700
631 0.5500
657 0.9500
717 0.1200
757 0.1700
759 0.6300
777 0.2200
786 0.1600
828 0.5700
831 0.6400
856 0.5700
968 0.0000
1050 0.3500
1119 0.0000
1225 0.5800
1290 0.3800
1313 0.0700
1356 0.4800
1383 0.6100
1414 0.5900
1487 0.3100
FRAME t=424405.386 src=55324 n=2113 nz=53 seen=1 seen=1
21 0.4800
22 0.3800
23 0.7600
28 0.8000
45 0.5600
48 0.5800
59 0.3500
73 0.8400
107 0.0100
119 0.4000
134 0.6300
139 0.4500
143 0.0600
148 0.4800
177 0.1400
197 0.5700
201 0.7100
222 0.1600
223 0.2600
226 0.0600
229 0.3600
246 0.4000
280 0.3500
286 0.2700
290 0.1300
372 0.9900
381 0.3100
384 0.1000
389 0.4300
408 0.2700
441 0.4100
450 0.3100
455 0.9100
459 0.7700
486 0.5400
573 0.7600
619 0.5100
631 0.5500
757 0.1700
762 0.3800
777 0.2200
786 0.1600
828 0.5700
856 0.5700
968 0.0000
1050 0.3500
1119 0.0000
1225 0.5800
1313 0.0700
1356 0.4800
1383 0.6100
1414 0.5900
1487 0.3100
FRAME t=424405.406 src=55324 n=2113 nz=51 seen=1 seen=1
21 0.4700
22 0.3700
23 0.7500
28 0.7900
45 0.5500
48 0.5700
59 0.3400
73 0.8300
107 0.0000
119 0.3900
134 0.6200
139 0.4400
143 0.0500
148 0.4700
177 0.1300
197 0.5600
201 0.7000
222 0.1500
223 0.2500
226 0.0500
229 0.3500
246 0.3900
280 0.3400
286 0.2600
290 0.1200
372 0.9800
381 0.3000
384 0.0900
389 0.4200
408 0.2600
441 0.4000
450 0.3000
455 0.9000
459 0.7600
486 0.5300
573 0.7500
619 0.5000
631 0.5400
757 0.1600
762 0.3700
777 0.2100
786 0.1500
828 0.5600
856 0.5600
1050 0.3400
1225 0.5700
1313 0.0600
1356 0.4700
1383 0.6000
1414 0.5800
1487 0.3000
FRAME t=424405.408 src=52523 n=2113 nz=63 seen=1 seen=1
1 0.3700
19 0.3600
21 0.4700
23 0.7500
28 0.7900
45 0.5500
48 0.5700
59 0.6000
73 0.8300
107 0.0000
119 0.3900
126 0.0700
132 0.9200
139 0.4400
143 0.0500
148 0.4700
161 0.0600
177 0.1300
197 0.5600
201 0.7000
222 0.1500
223 0.2500
226 0.0500
229 0.3500
246 0.3900
280 0.3400
286 0.2600
290 0.1200
302 0.6000
349 0.6300
367 0.0400
375 0.9400
381 0.3000
384 0.0900
389 0.4200
408 0.2600
441 0.4000
450 0.3000
455 0.9000
486 0.5300
573 0.7500
581 0.0400
619 0.5000
621 0.9200
628 0.3600
631 0.5400
657 0.9400
717 0.1100
757 0.1600
759 0.6200
777 0.2100
786 0.1500
828 0.5600
831 0.6300
856 0.5600
1050 0.3400
1225 0.5700
1290 0.3700
1313 0.0600
1356 0.4700
1383 0.6000
1414 0.5800
1487 0.3000
FRAME t=424405.508 src=52523 n=2113 nz=60 seen=1 seen=1
1 0.3200
19 0.3100
21 0.4200
23 0.7000
28 0.7400
45 0.5000
48 0.5200
59 0.5500
73 0.7800
119 0.3400
126 0.0200
132 0.8700
139 0.3900
143 0.0000
148 0.4200
161 0.0100
177 0.0800
197 0.5100
201 0.6500
222 0.1000
223 0.2000
226 0.0000
229 0.3000
246 0.3400
280 0.2900
286 0.2100
290 0.0700
302 0.5500
349 0.5800
375 0.8900
381 0.2500
384 0.0400
389 0.3700
408 0.2100
441 0.3500
450 0.2500
455 0.8500
486 0.4800
573 0.7000
619 0.4500
621 0.8700
628 0.3100
631 0.4900
657 0.8900
717 0.0600
757 0.1100
759 0.5700
777 0.1600
786 0.1000
828 0.5100
831 0.5800
856 0.5100
1050 0.2900
1225 0.5200
1290 0.3200
1313 0.0100
1356 0.4200
1383 0.5500
1414 0.5300
1487 0.2500
FRAME t=424405.529 src=55324 n=2113 nz=49 seen=1 seen=1
21 0.4100
22 0.3100
23 0.6900
28 0.7300
45 0.4900
48 0.5100
59 0.2800
73 0.7700
119 0.3300
134 0.5600
139 0.3800
148 0.4100
177 0.0700
197 0.5000
201 0.6400
222 0.0900
223 0.1900
229 0.2900
246 0.3300
280 0.2800
286 0.2000
290 0.0600
372 0.9200
381 0.2400
384 0.0300
389 0.3600
402 0.9500
408 0.2000
441 0.3400
450 0.2400
455 0.8400
459 0.7000
486 0.4700
573 0.6900
619 0.4400
631 0.4800
757 0.1000
762 0.3100
777 0.1500
786 0.0900
828 0.5000
856 0.5000
1050 0.2800
1225 0.5100
1313 0.0000
1356 0.4100
1383 0.5400
1414 0.5200
1487 0.2400
FRAME t=424405.530 src=52523 n=2113 nz=58 seen=1 seen=1
1 0.3100
19 0.3000
21 0.4100
23 0.6900
28 0.7300
45 0.4900
48 0.5100
59 0.5400
73 0.7700
119 0.3300
126 0.0100
132 0.8600
139 0.3800
148 0.4100
161 0.0000
177 0.0700
197 0.5000
201 0.6400
222 0.0900
223 0.1900
229 0.2900
246 0.3300
280 0.2800
286 0.2000
290 0.0600
302 0.5400
349 0.5700
375 0.8800
381 0.2400
384 0.0300
389 0.3600
408 0.2000
441 0.3400
450 0.2400
455 0.8400
486 0.4700
573 0.6900
619 0.4400
621 0.8600
628 0.3000
631 0.4800
657 0.8800
717 0.0500
757 0.1000
759 0.5600
777 0.1500
786 0.0900
828 0.5000
831 0.5700
856 0.5000
1050 0.2800
1225 0.5100
1290 0.3100
1313 0.0000
1356 0.4100
1383 0.5400
1414 0.5200
1487 0.2400
FRAME t=424405.550 src=52523 n=2113 nz=56 seen=1 seen=1
1 0.3000
19 0.2900
21 0.4000
23 0.6800
28 0.7200
45 0.4800
48 0.5000
59 0.5300
73 0.7600
119 0.3200
126 0.0000
132 0.8500
139 0.3700
148 0.4000
177 0.0600
197 0.4900
201 0.6300
222 0.0800
223 0.1800
229 0.2800
246 0.3200
280 0.2700
286 0.1900
290 0.0500
302 0.5300
349 0.5600
375 0.8700
381 0.2300
384 0.0200
389 0.3500
408 0.1900
441 0.3300
450 0.2300
455 0.8300
486 0.4600
573 0.6800
619 0.4300
621 0.8500
628 0.2900
631 0.4700
657 0.8700
717 0.0400
757 0.0900
759 0.5500
777 0.1400
786 0.0800
828 0.4900
831 0.5600
856 0.4900
1050 0.2700
1225 0.5000
1290 0.3000
1356 0.4000
1383 0.5300
1414 0.5100
1487 0.2300
FRAME t=424405.574 src=52523 n=2113 nz=55 seen=1 seen=1
1 0.2900
19 0.2800
21 0.3900
23 0.6700
28 0.7100
45 0.4700
48 0.4900
59 0.5200
73 0.7500
119 0.3100
132 0.8400
139 0.3600
148 0.3900
177 0.0500
197 0.4800
201 0.6200
222 0.0700
223 0.1700
229 0.2700
246 0.3100
280 0.2600
286 0.1800
290 0.0400
302 0.5200
349 0.5500
375 0.8600
381 0.2200
384 0.0100
389 0.3400
408 0.1800
441 0.3200
450 0.2200
455 0.8200
486 0.4500
573 0.6700
619 0.4200
621 0.8400
628 0.2800
631 0.4600
657 0.8600
717 0.0300
757 0.0800
759 0.5400
777 0.1300
786 0.0700
828 0.4800
831 0.5500
856 0.4800
1050 0.2600
1225 0.4900
1290 0.2900
1356 0.3900
1383 0.5200
1414 0.5000
1487 0.2200
FRAME t=424405.594 src=52523 n=2113 nz=56 seen=1 seen=1
1 0.2800
19 0.2700
21 0.3800
23 0.6600
28 0.7000
45 0.4600
48 0.4800
59 0.5100
73 0.7400
77 1.0000
119 0.3000
132 0.8300
139 0.3500
148 0.3800
177 0.0400
197 0.4700
201 0.6100
222 0.0600
223 0.1600
229 0.2600
246 0.3000
280 0.2500
286 0.1700
290 0.0300
302 0.5100
349 0.5400
375 0.8500
381 0.2100
384 0.0000
389 0.3300
408 0.1700
441 0.3100
450 0.2100
455 0.8100
486 0.4400
573 0.6600
619 0.4100
621 0.8300
628 0.2700
631 0.4500
657 0.8500
717 0.0200
757 0.0700
759 0.5300
777 0.1200
786 0.0600
828 0.4700
831 0.5400
856 0.4700
1050 0.2500
1225 0.4800
1290 0.2800
1356 0.3800
1383 0.5100
1414 0.4900
1487 0.2100
FRAME t=424405.595 src=55324 n=2113 nz=49 seen=1 seen=1
21 0.3800
22 0.2800
23 0.6600
28 0.7000
45 0.4600
48 0.4800
59 0.2500
73 0.7400
77 1.0000
119 0.3000
134 0.5300
139 0.3500
148 0.3800
177 0.0400
197 0.4700
201 0.6100
222 0.0600
223 0.1600
229 0.2600
246 0.3000
280 0.2500
286 0.1700
290 0.0300
372 0.8900
381 0.2100
384 0.0000
389 0.3300
402 0.9200
408 0.1700
441 0.3100
450 0.2100
455 0.8100
459 0.6700
486 0.4400
573 0.6600
619 0.4100
631 0.4500
757 0.0700
762 0.2800
777 0.1200
786 0.0600
828 0.4700
856 0.4700
1050 0.2500
1225 0.4800
1356 0.3800
1383 0.5100
1414 0.4900
1487 0.2100
FRAME t=424405.657 src=52523 n=2113 nz=54 seen=1 seen=1
1 0.2500
19 0.2400
21 0.3500
23 0.6300
28 0.6700
45 0.4300
48 0.4500
59 0.4800
73 0.7100
77 0.9700
119 0.2700
132 0.8000
139 0.3200
148 0.3500
177 0.0100
197 0.4400
201 0.5800
222 0.0300
223 0.1300
229 0.2300
246 0.2700
280 0.2200
286 0.1400
290 0.0000
302 0.4800
349 0.5100
375 0.8200
381 0.1800
389 0.3000
408 0.1400
441 0.2800
450 0.1800
455 0.7800
486 0.4100
573 0.6300
619 0.3800
621 0.8000
628 0.2400
631 0.4200
657 0.8200
757 0.0400
759 0.5000
777 0.0900
786 0.0300
828 0.4400
831 0.5100
856 0.4400
1050 0.2200
1225 0.4500
1290 0.2500
1356 0.3500
1383 0.4800
1414 0.4600
1487 0.1800
FRAME t=424405.676 src=52523 n=2113 nz=53 seen=1 seen=1
1 0.2400
19 0.2300
21 0.3400
23 0.6200
28 0.6600
45 0.4200
48 0.4400
59 0.4700
73 0.7000
77 0.9600
119 0.2600
132 0.7900
139 0.3100
148 0.3400
177 0.0000
197 0.4300
201 0.5700
222 0.0200
223 0.1200
229 0.2200
246 0.2600
280 0.2100
286 0.1300
302 0.4700
349 0.5000
375 0.8100
381 0.1700
389 0.2900
408 0.1300
441 0.2700
450 0.1700
455 0.7700
486 0.4000
573 0.6200
619 0.3700
621 0.7900
628 0.2300
631 0.4100
657 0.8100
757 0.0300
759 0.4900
777 0.0800
786 0.0200
828 0.4300
831 0.5000
856 0.4300
1050 0.2100
1225 0.4400
1290 0.2400
1356 0.3400
1383 0.4700
1414 0.4500
1487 0.1700
FRAME t=424405.677 src=55324 n=2113 nz=47 seen=1 seen=1
21 0.3400
22 0.2400
23 0.6200
28 0.6600
45 0.4200
48 0.4400
59 0.2100
73 0.7000
77 0.9600
119 0.2600
134 0.4900
139 0.3100
148 0.3400
177 0.0000
197 0.4300
201 0.5700
222 0.0200
223 0.1200
229 0.2200
246 0.2600
280 0.2100
286 0.1300
372 0.8500
381 0.1700
389 0.2900
402 0.8800
408 0.1300
441 0.2700
450 0.1700
455 0.7700
459 0.6300
486 0.4000
573 0.6200
619 0.3700
631 0.4100
757 0.0300
762 0.2400
777 0.0800
786 0.0200
828 0.4300
856 0.4300
1050 0.2100
1225 0.4400
1356 0.3400
1383 0.4700
1414 0.4500
1487 0.1700
FRAME t=424405.737 src=55324 n=2113 nz=44 seen=1 seen=1
21 0.3100
22 0.2100
23 0.5900
28 0.6300
45 0.3900
48 0.4100
59 0.1800
73 0.6700
77 0.9300
119 0.2300
134 0.4600
139 0.2800
148 0.3100
197 0.4000
201 0.5400
223 0.0900
229 0.1900
246 0.2300
280 0.1800
286 0.1000
372 0.8200
381 0.1400
389 0.2600
402 0.8500
408 0.1000
441 0.2400
450 0.1400
455 0.7400
459 0.6000
486 0.3700
573 0.5900
619 0.3400
631 0.3800
757 0.0000
762 0.2100
777 0.0500
828 0.4000
856 0.4000
1050 0.1800
1225 0.4100
1356 0.3100
1383 0.4400
1414 0.4200
1487 0.1400
FRAME t=424405.739 src=52523 n=2113 nz=50 seen=1 seen=1
1 0.2100
19 0.2000
21 0.3100
23 0.5900
28 0.6300
45 0.3900
48 0.4100
59 0.4400
73 0.6700
77 0.9300
119 0.2300
132 0.7600
139 0.2800
148 0.3100
197 0.4000
201 0.5400
223 0.0900
229 0.1900
246 0.2300
280 0.1800
286 0.1000
302 0.4400
349 0.4700
375 0.7800
381 0.1400
389 0.2600
408 0.1000
441 0.2400
450 0.1400
455 0.7400
486 0.3700
573 0.5900
619 0.3400
621 0.7600
628 0.2000
631 0.3800
657 0.7800
757 0.0000
759 0.4600
777 0.0500
828 0.4000
831 0.4700
856 0.4000
1050 0.1800
1225 0.4100
1290 0.2100
1356 0.3100
1383 0.4400
1414 0.4200
1487 0.1400
FRAME t=424405.956 src=55324 n=2113 nz=42 seen=1 seen=1
21 0.2100
22 0.1100
23 0.4900
28 0.5300
45 0.2900
48 0.3100
59 0.0800
73 0.5700
77 0.8300
119 0.1300
134 0.3600
139 0.1800
148 0.2100
197 0.3000
201 0.4400
229 0.0900
246 0.1300
280 0.0800
286 0.0000
372 0.7200
381 0.0400
389 0.1600
402 0.7500
408 0.0000
422 1.0000
441 0.1400
450 0.0400
455 0.6400
459 0.5000
486 0.2700
573 0.4900
619 0.2400
631 0.2800
762 0.1100
828 0.3000
856 0.3000
1050 0.0800
1225 0.3100
1356 0.2100
1383 0.3400
1414 0.3200
1487 0.0400
FRAME t=424405.957 src=52523 n=2113 nz=49 seen=1 seen=1
1 0.1100
19 0.1000
21 0.2100
23 0.4900
28 0.5300
45 0.2900
48 0.3100
59 0.3400
73 0.5700
77 0.8300
107 0.9600
119 0.1300
132 0.6600
139 0.1800
148 0.2100
197 0.3000
201 0.4400
229 0.0900
246 0.1300
280 0.0800
286 0.0000
302 0.3400
349 0.3700
375 0.6800
381 0.0400
389 0.1600
408 0.0000
422 1.0000
441 0.1400
450 0.0400
455 0.6400
486 0.2700
573 0.4900
619 0.2400
621 0.6600
628 0.1000
631 0.2800
657 0.6800
759 0.3600
828 0.3000
831 0.3700
856 0.3000
1050 0.0800
1225 0.3100
1290 0.1100
1356 0.2100
1383 0.3400
1414 0.3200
1487 0.0400
FRAME t=424406.059 src=55324 n=2113 nz=37 seen=1 seen=1
21 0.1600
22 0.0600
23 0.4400
28 0.4800
45 0.2400
48 0.2600
59 0.0300
73 0.5200
77 0.7800
119 0.0800
134 0.3100
139 0.1300
148 0.1600
197 0.2500
201 0.3900
229 0.0400
246 0.0800
280 0.0300
372 0.6700
389 0.1100
402 0.7000
422 0.9500
441 0.0900
455 0.5900
459 0.4500
486 0.2200
573 0.4400
619 0.1900
631 0.2300
762 0.0600
828 0.2500
856 0.2500
1050 0.0300
1225 0.2600
1356 0.1600
1383 0.2900
1414 0.2700
FRAME t=424406.141 src=52523 n=2113 nz=42 seen=1 seen=1
1 0.0200
19 0.0100
21 0.1200
23 0.4000
28 0.4400
45 0.2000
48 0.2200
59 0.2500
73 0.4800
77 0.7400
107 0.8700
119 0.0400
132 0.5700
139 0.0900
148 0.1200
197 0.2100
201 0.3500
229 0.0000
246 0.0400
302 0.2500
349 0.2800
375 0.5900
389 0.0700
422 0.9100
441 0.0500
455 0.5500
486 0.1800
573 0.4000
619 0.1500
621 0.5700
628 0.0100
631 0.1900
657 0.5900
759 0.2700
828 0.2100
831 0.2800
856 0.2100
1225 0.2200
1290 0.0200
1356 0.1200
1383 0.2500
1414 0.2300
FRAME t=424406.142 src=55324 n=2113 nz=35 seen=1 seen=1
21 0.1200
22 0.0200
23 0.4000
28 0.4400
45 0.2000
48 0.2200
73 0.4800
77 0.7400
119 0.0400
134 0.2700
139 0.0900
148 0.1200
197 0.2100
201 0.3500
229 0.0000
246 0.0400
372 0.6300
384 0.9700
389 0.0700
402 0.6600
422 0.9100
441 0.0500
455 0.5500
459 0.4100
486 0.1800
573 0.4000
619 0.1500
631 0.1900
762 0.0200
828 0.2100
856 0.2100
1225 0.2200
1356 0.1200
1383 0.2500
1414 0.2300
FRAME t=424406.162 src=52523 n=2113 nz=41 seen=1 seen=1
1 0.0100
19 0.0000
21 0.1100
23 0.3900
28 0.4300
45 0.1900
48 0.2100
59 0.2400
73 0.4700
77 0.7300
107 0.8600
119 0.0300
132 0.5600
139 0.0800
148 0.1100
197 0.2000
201 0.3400
246 0.0300
302 0.2400
349 0.2700
375 0.5800
389 0.0600
422 0.9000
441 0.0400
455 0.5400
486 0.1700
573 0.3900
619 0.1400
621 0.5600
628 0.0000
631 0.1800
657 0.5800
759 0.2600
828 0.2000
831 0.2700
856 0.2000
1225 0.2100
1290 0.0100
1356 0.1100
1383 0.2400
1414 0.2200
FRAME t=424406.182 src=52523 n=2113 nz=39 seen=1 seen=1
1 0.0000
21 0.1000
23 0.3800
28 0.4200
45 0.1800
48 0.2000
59 0.2300
73 0.4600
77 0.7200
107 0.8500
119 0.0200
132 0.5500
139 0.0700
148 0.1000
197 0.1900
201 0.3300
246 0.0200
302 0.2300
349 0.2600
375 0.5700
389 0.0500
422 0.8900
441 0.0300
455 0.5300
486 0.1600
573 0.3800
619 0.1300
621 0.5500
631 0.1700
657 0.5700
759 0.2500
828 0.1900
831 0.2600
856 0.1900
1225 0.2000
1290 0.0000
1356 0.1000
1383 0.2300
1414 0.2100
FRAME t=424406.246 src=55324 n=2113 nz=30 seen=1 seen=1
21 0.0700
23 0.3500
28 0.3900
45 0.1500
48 0.1700
73 0.4300
77 0.6900
134 0.2200
139 0.0400
148 0.0700
197 0.1600
201 0.3000
372 0.5800
384 0.9200
389 0.0200
402 0.6100
422 0.8600
441 0.0000
455 0.5000
459 0.3600
486 0.1300
573 0.3500
619 0.1000
631 0.1400
828 0.1600
856 0.1600
1225 0.1700
1356 0.0700
1383 0.2000
1414 0.1800
FRAME t=424406.247 src=52523 n=2113 nz=35 seen=1 seen=1
21 0.0700
23 0.3500
28 0.3900
45 0.1500
48 0.1700
59 0.2000
73 0.4300
77 0.6900
107 0.8200
132 0.5200
139 0.0400
148 0.0700
197 0.1600
201 0.3000
302 0.2000
349 0.2300
375 0.5400
389 0.0200
422 0.8600
441 0.0000
455 0.5000
486 0.1300
573 0.3500
619 0.1000
621 0.5200
631 0.1400
657 0.5400
759 0.2200
828 0.1600
831 0.2300
856 0.1600
1225 0.1700
1356 0.0700
1383 0.2000
1414 0.1800
FRAME t=424406.539 src=55324 n=2113 nz=24 seen=1 seen=1
23 0.2100
28 0.2500
42 0.8900
45 0.0100
48 0.0300
73 0.2900
77 0.5500
134 0.0800
197 0.0200
201 0.1600
241 1.0000
372 0.4400
384 0.7800
402 0.4700
422 0.7200
455 0.3600
459 0.2200
573 0.2100
631 0.0000
828 0.0200
856 0.0200
1225 0.0300
1383 0.0600
1414 0.0400
FRAME t=424406.540 src=52523 n=2113 nz=29 seen=1 seen=1
23 0.2100
28 0.2500
42 0.8900
45 0.0100
48 0.0300
59 0.0600
73 0.2900
77 0.5500
107 0.6800
132 0.3800
197 0.0200
201 0.1600
241 1.0000
302 0.0600
349 0.0900
375 0.4000
422 0.7200
455 0.3600
573 0.2100
621 0.3800
631 0.0000
657 0.4000
759 0.0800
828 0.0200
831 0.0900
856 0.0200
1225 0.0300
1383 0.0600
1414 0.0400
FRAME t=424406.558 src=52523 n=2113 nz=29 seen=1 seen=1
23 0.2000
28 0.2400
42 0.8800
45 0.0000
48 0.0200
59 0.0500
73 0.2800
77 0.5400
107 0.6700
132 0.3700
197 0.0100
201 0.1500
241 0.9900
302 0.0500
349 0.0800
375 0.3900
379 1.0000
422 0.7100
455 0.3500
573 0.2000
621 0.3700
657 0.3900
759 0.0700
828 0.0100
831 0.0800
856 0.0100
1225 0.0200
1383 0.0500
1414 0.0300
FRAME t=424406.559 src=55324 n=2113 nz=24 seen=1 seen=1
23 0.2000
28 0.2400
42 0.8800
45 0.0000
48 0.0200
73 0.2800
77 0.5400
134 0.0700
197 0.0100
201 0.1500
241 0.9900
372 0.4300
379 1.0000
384 0.7700
402 0.4600
422 0.7100
455 0.3500
459 0.2100
573 0.2000
828 0.0100
856 0.0100
1225 0.0200
1383 0.0500
1414 0.0300
FRAME t=424406.581 src=55324 n=2113 nz=23 seen=1 seen=1
23 0.1900
28 0.2300
42 0.8700
48 0.0100
73 0.2700
77 0.5300
134 0.0600
197 0.0000
201 0.1400
241 0.9800
372 0.4200
379 0.9900
384 0.7600
402 0.4500
422 0.7000
455 0.3400
459 0.2000
573 0.1900
828 0.0000
856 0.0000
1225 0.0100
1383 0.0400
1414 0.0200
FRAME t=424406.582 src=52523 n=2113 nz=28 seen=1 seen=1
23 0.1900
28 0.2300
42 0.8700
48 0.0100
59 0.0400
73 0.2700
77 0.5300
107 0.6600
132 0.3600
197 0.0000
201 0.1400
241 0.9800
302 0.0400
349 0.0700
375 0.3800
379 0.9900
422 0.7000
455 0.3400
573 0.1900
621 0.3600
657 0.3800
759 0.0600
828 0.0000
831 0.0700
856 0.0000
1225 0.0100
1383 0.0400
1414 0.0200
FRAME t=424406.603 src=52523 n=2113 nz=25 seen=1 seen=1
23 0.1800
28 0.2200
42 0.8600
48 0.0000
59 0.0300
73 0.2600
77 0.5200
107 0.6500
132 0.3500
201 0.1300
241 0.9700
302 0.0300
349 0.0600
375 0.3700
379 0.9800
422 0.6900
455 0.3300
573 0.1800
621 0.3500
657 0.3700
759 0.0500
831 0.0600
1225 0.0000
1383 0.0300
1414 0.0100
FRAME t=424406.604 src=55324 n=2113 nz=20 seen=1 seen=1
23 0.1800
28 0.2200
42 0.8600
48 0.0000
73 0.2600
77 0.5200
134 0.0500
201 0.1300
241 0.9700
372 0.4100
379 0.9800
384 0.7500
402 0.4400
422 0.6900
455 0.3300
459 0.1900
573 0.1800
1225 0.0000
1383 0.0300
1414 0.0100
FRAME t=424406.622 src=55324 n=2113 nz=18 seen=1 seen=1
23 0.1700
28 0.2100
42 0.8500
73 0.2500
77 0.5100
134 0.0400
201 0.1200
241 0.9600
372 0.4000
379 0.9700
384 0.7400
402 0.4300
422 0.6800
455 0.3200
459 0.1800
573 0.1700
1383 0.0200
1414 0.0000
FRAME t=424406.623 src=52523 n=2113 nz=23 seen=1 seen=1
23 0.1700
28 0.2100
42 0.8500
59 0.0200
73 0.2500
77 0.5100
107 0.6400
132 0.3400
201 0.1200
241 0.9600
302 0.0200
349 0.0500
375 0.3600
379 0.9700
422 0.6800
455 0.3200
573 0.1700
621 0.3400
657 0.3600
759 0.0400
831 0.0500
1383 0.0200
1414 0.0000
FRAME t=424406.644 src=55324 n=2113 nz=17 seen=1 seen=1
23 0.1600
28 0.2000
42 0.8400
73 0.2400
77 0.5000
134 0.0300
201 0.1100
241 0.9500
372 0.3900
379 0.9600
384 0.7300
402 0.4200
422 0.6700
455 0.3100
459 0.1700
573 0.1600
1383 0.0100
FRAME t=424406.664 src=55324 n=2113 nz=18 seen=1 seen=1
23 0.1500
28 0.1900
42 0.8300
73 0.2300
77 0.4900
132 1.0000
134 0.0200
201 0.1000
241 0.9400
372 0.3800
379 0.9500
384 0.7200
402 0.4100
422 0.6600
455 0.3000
459 0.1600
573 0.1500
1383 0.0000
FRAME t=424406.729 src=52523 n=2113 nz=18 seen=1 seen=1
23 0.1200
28 0.1600
42 0.8000
73 0.2000
77 0.4600
107 0.5900
132 0.9700
201 0.0700
241 0.9100
349 0.0000
375 0.3100
379 0.9200
422 0.6300
455 0.2700
573 0.1200
621 0.2900
657 0.3100
831 0.0000
FRAME t=424406.944 src=52523 n=2113 nz=19 seen=1 seen=1
23 0.0200
28 0.0600
42 0.7000
63 0.9300
73 0.1000
77 0.3600
107 0.4900
132 0.8700
138 1.0000
241 0.8100
375 0.2100
379 0.8200
396 0.9500
422 0.5300
455 0.1700
474 0.9100
573 0.0200
621 0.1900
657 0.2100
FRAME t=424406.945 src=55324 n=2113 nz=17 seen=1 seen=1
23 0.0200
28 0.0600
42 0.7000
73 0.1000
77 0.3600
132 0.8700
138 1.0000
241 0.8100
372 0.2500
379 0.8200
384 0.5900
396 0.9500
402 0.2800
422 0.5300
455 0.1700
459 0.0300
573 0.0200
FRAME t=424407.007 src=55324 n=2113 nz=16 seen=1 seen=1
28 0.0300
42 0.6700
73 0.0700
77 0.3300
132 0.8400
138 0.9700
146 0.9800
241 0.7800
372 0.2200
379 0.7900
384 0.5600
396 0.9200
402 0.2500
422 0.5000
455 0.1400
459 0.0000
FRAME t=424407.625 src=52523 n=2113 nz=14 seen=1 seen=1
42 0.3800
63 0.6100
77 0.0400
107 0.1700
132 0.5500
138 0.6800
146 0.6900
241 0.4900
379 0.5000
386 1.0000
396 0.6300
422 0.2100
474 0.5900
477 0.9600
FRAME t=424408.675 src=52523 n=2113 nz=10 seen=1 seen=1
63 0.1100
132 0.0500
138 0.1800
146 0.1900
379 0.0000
386 0.5000
396 0.1300
398 0.5100
474 0.0900
477 0.4600
FRAME t=424408.676 src=55324 n=2113 nz=7 seen=1 seen=1
132 0.0500
138 0.1800
146 0.1900
278 0.2500
379 0.0000
386 0.5000
396 0.1300
FRAME t=424409.065 src=55324 n=2113 nz=3 seen=1 seen=1
146 0.0000
278 0.0600
386 0.3100
FRAME t=424409.067 src=52523 n=2113 nz=4 seen=1 seen=1
146 0.0000
386 0.3100
398 0.3200
477 0.2700
FRAME t=424409.730 src=52523 n=2113 nz=1 seen=1 seen=1
398 0.0000
FRAME t=424412.216 src=52523 n=5000 nz=116 seen=1 seen=1
3062 0.1700
3524 0.2100
3644 0.2300
3647 0.1000
3703 0.0400
3726 0.1600
3761 0.1600
3811 0.2300
3857 0.1200
3888 0.2200
3914 0.1100
3927 0.0500
3994 0.1700
4014 0.1400
4036 0.0900
4038 0.0500
4048 0.1800
4128 0.1200
4141 0.1500
4154 0.2500
4176 0.2500
4180 0.2100
4198 0.1800
4209 0.1600
4253 0.2100
4255 0.1500
4269 0.1400
4288 0.2000
4295 0.2600
4296 0.1500
4313 0.0000
4321 0.1400
4371 0.0700
4402 0.0900
4403 0.0600
4416 0.0900
4421 0.1300
4422 0.0000
4426 0.2000
4439 0.1100
4440 0.0400
4517 0.1600
4531 0.1100
4551 0.2600
4554 0.0700
4556 0.2300
4570 0.2000
4579 0.1300
4589 0.1900
4597 0.0600
4647 0.2000
4664 0.2200
4673 0.1600
4679 0.0600
4685 0.1800
4693 0.2100
4694 0.2100
4699 0.0300
4700 0.2500
4715 0.1700
4719 0.2000
4722 0.0700
4744 0.0100
4785 0.0200
4786 0.1300
4794 0.0700
4808 0.0000
4812 0.2600
4813 0.2000
4819 0.0500
4821 0.2500
4822 0.2500
4826 0.0200
4831 0.1600
4832 0.2300
4833 0.0700
4834 0.2100
4840 0.1700
4841 0.1600
4845 0.1000
4850 0.1400
4851 0.1800
4852 0.1100
4864 0.0100
4867 0.0900
4869 0.0800
4879 0.0200
4882 0.1800
4931 0.2600
4938 0.2300
4942 0.1200
4948 0.0600
4949 0.0600
4951 0.0500
4958 0.2200
4959 0.0800
4960 0.0200
4961 0.2100
4962 0.1300
4963 0.0900
4964 0.1000
4965 0.0900
4966 0.1200
4967 0.2100
4968 0.1300
4972 0.1200
4973 0.2400
4975 0.2000
4978 0.2100
4980 0.1200
4981 0.2100
4984 0.0300
4987 0.0400
4991 0.1300
4992 0.0700
4996 0.2300
FRAME t=424412.217 src=55324 n=5000 nz=120 seen=1 seen=1
3524 0.2100
3639 0.1700
3644 0.2300
3647 0.1000
3703 0.0400
3726 0.1600
3761 0.1600
3811 0.2300
3857 0.1200
3888 0.2200
3914 0.1100
3927 0.0500
4014 0.1400
4036 0.0900
4038 0.0500
4048 0.1800
4128 0.1200
4141 0.1500
4154 0.2500
4176 0.2500
4180 0.2100
4198 0.1800
4209 0.1600
4237 0.1700
4253 0.2100
4255 0.1500
4269 0.1400
4288 0.2000
4295 0.2600
4296 0.1500
4313 0.0000
4321 0.1400
4371 0.0700
4399 0.1700
4402 0.0900
4403 0.0600
4416 0.0900
4421 0.1300
4422 0.0000
4426 0.2000
4439 0.1100
4440 0.0400
4468 0.1700
4517 0.1600
4531 0.1100
4551 0.2600
4554 0.0700
4556 0.2300
4559 0.1700
4570 0.2000
4576 0.0200
4579 0.1300
4589 0.1900
4597 0.0600
4647 0.2000
4664 0.2200
4673 0.1600
4679 0.0600
4680 0.1700
4685 0.1800
4693 0.2100
4694 0.2100
4699 0.0300
4700 0.2500
4715 0.1600
4719 0.2000
4722 0.0700
4744 0.0100
4786 0.1300
4791 0.1700
4794 0.0700
4808 0.0000
4812 0.2600
4813 0.2000
4819 0.0500
4821 0.2500
4822 0.2500
4831 0.1600
4832 0.2300
4833 0.0700
4834 0.2100
4841 0.1600
4845 0.1000
4850 0.1400
4851 0.1800
4852 0.1100
4864 0.0100
4867 0.0900
4869 0.0800
4882 0.1800
4931 0.2600
4938 0.2300
4942 0.1200
4948 0.0600
4949 0.0600
4951 0.0500
4958 0.2200
4959 0.0800
4961 0.2100
4962 0.1300
4963 0.0900
4964 0.1000
4965 0.0900
4966 0.1200
4967 0.2100
4968 0.1300
4970 0.1700
4972 0.1200
4973 0.2400
4975 0.2000
4977 0.1700
4978 0.2100
4980 0.1200
4981 0.2100
4985 0.1700
4986 0.0300
4987 0.0400
4991 0.1300
4992 0.0700
4996 0.2300
FRAME t=424412.234 src=55324 n=5000 nz=117 seen=1 seen=1
3524 0.2000
3639 0.1600
3644 0.2200
3647 0.0900
3703 0.0300
3726 0.1500
3761 0.1500
3811 0.2200
3857 0.1100
3888 0.2100
3914 0.1000
3927 0.0400
4014 0.1300
4036 0.0800
4038 0.0400
4048 0.1700
4128 0.1100
4141 0.1400
4154 0.2400
4176 0.2400
4180 0.2000
4198 0.1700
4209 0.1500
4237 0.1600
4253 0.2000
4255 0.1400
4269 0.1300
4288 0.1900
4295 0.2500
4296 0.1400
4321 0.1300
4371 0.0600
4399 0.1600
4402 0.0800
4403 0.0500
4416 0.0800
4421 0.1200
4426 0.1900
4439 0.1000
4440 0.0300
4468 0.1600
4517 0.1500
4531 0.1000
4551 0.2500
4554 0.0600
4556 0.2200
4559 0.1600
4570 0.1900
4576 0.0100
4579 0.1200
4589 0.1800
4597 0.0500
4647 0.1900
4664 0.2100
4673 0.1500
4679 0.0500
4680 0.1600
4685 0.1700
4693 0.2000
4694 0.2000
4699 0.0200
4700 0.2400
4715 0.1500
4719 0.1900
4722 0.0600
4744 0.0000
4786 0.1200
4791 0.1600
4794 0.0600
4812 0.2500
4813 0.1900
4819 0.0400
4821 0.2400
4822 0.2400
4831 0.1500
4832 0.2200
4833 0.0600
4834 0.2000
4841 0.1500
4845 0.0900
4850 0.1300
4851 0.1700
4852 0.1000
4864 0.0000
4867 0.0800
4869 0.0700
4882 0.1700
4931 0.2500
4938 0.2200
4942 0.1100
4948 0.0500
4949 0.0500
4951 0.0400
4958 0.2100
4959 0.0700
4961 0.2000
4962 0.1200
4963 0.0800
4964 0.0900
4965 0.0800
4966 0.1100
4967 0.2000
4968 0.1200
4970 0.1600
4972 0.1100
4973 0.2300
4975 0.1900
4977 0.1600
4978 0.2000
4980 0.1100
4981 0.2000
4985 0.1600
4986 0.0200
4987 0.0300
4991 0.1200
4992 0.0600
4996 0.2200
FRAME t=424412.237 src=52523 n=5000 nz=113 seen=1 seen=1
3062 0.1600
3524 0.2000
3644 0.2200
3647 0.0900
3703 0.0300
3726 0.1500
3761 0.1500
3811 0.2200
3857 0.1100
3888 0.2100
3914 0.1000
3927 0.0400
3994 0.1600
4014 0.1300
4036 0.0800
4038 0.0400
4048 0.1700
4128 0.1100
4141 0.1400
4154 0.2400
4176 0.2400
4180 0.2000
4198 0.1700
4209 0.1500
4253 0.2000
4255 0.1400
4269 0.1300
4288 0.1900
4295 0.2500
4296 0.1400
4321 0.1300
4371 0.0600
4402 0.0800
4403 0.0500
4416 0.0800
4421 0.1200
4426 0.1900
4439 0.1000
4440 0.0300
4517 0.1500
4531 0.1000
4551 0.2500
4554 0.0600
4556 0.2200
4570 0.1900
4579 0.1200
4589 0.1800
4597 0.0500
4647 0.1900
4664 0.2100
4673 0.1500
4679 0.0500
4685 0.1700
4693 0.2000
4694 0.2000
4699 0.0200
4700 0.2400
4715 0.1600
4719 0.1900
4722 0.0600
4744 0.0000
4785 0.0100
4786 0.1200
4794 0.0600
4812 0.2500
4813 0.1900
4819 0.0400
4821 0.2400
4822 0.2400
4826 0.0100
4831 0.1500
4832 0.2200
4833 0.0600
4834 0.2000
4840 0.1600
4841 0.1500
4845 0.0900
4850 0.1300
4851 0.1700
4852 0.1000
4864 0.0000
4867 0.0800
4869 0.0700
4879 0.0100
4882 0.1700
4931 0.2500
4938 0.2200
4942 0.1100
4948 0.0500
4949 0.0500
4951 0.0400
4958 0.2100
4959 0.0700
4960 0.0100
4961 0.2000
4962 0.1200
4963 0.0800
4964 0.0900
4965 0.0800
4966 0.1100
4967 0.2000
4968 0.1200
4972 0.1100
4973 0.2300
4975 0.1900
4978 0.2000
4980 0.1100
4981 0.2000
4984 0.0200
4987 0.0300
4991 0.1200
4992 0.0600
4996 0.2200
FRAME t=424412.252 src=52523 n=5000 nz=111 seen=1 seen=1
3062 0.1500
3524 0.1900
3644 0.2100
3647 0.0800
3703 0.0200
3726 0.1400
3761 0.1400
3811 0.2100
3857 0.1000
3888 0.2000
3914 0.0900
3927 0.0300
3994 0.1500
4014 0.1200
4036 0.0700
4038 0.0300
4048 0.1600
4128 0.1000
4141 0.1300
4154 0.2300
4176 0.2300
4180 0.1900
4198 0.1600
4209 0.1400
4253 0.1900
4255 0.1300
4269 0.1200
4288 0.1800
4295 0.2400
4296 0.1300
4321 0.1200
4371 0.0500
4402 0.0700
4403 0.0400
4416 0.0700
4421 0.1100
4426 0.1800
4439 0.0900
4440 0.0200
4517 0.1400
4531 0.0900
4551 0.2400
4554 0.0500
4556 0.2100
4570 0.1800
4579 0.1100
4589 0.1700
4597 0.0400
4647 0.1800
4664 0.2000
4673 0.1400
4679 0.0400
4685 0.1600
4693 0.1900
4694 0.1900
4699 0.0100
4700 0.2300
4715 0.1500
4719 0.1800
4722 0.0500
4785 0.0000
4786 0.1100
4794 0.0500
4812 0.2400
4813 0.1800
4819 0.0300
4821 0.2300
4822 0.2300
4826 0.0000
4831 0.1400
4832 0.2100
4833 0.0500
4834 0.1900
4840 0.1500
4841 0.1400
4845 0.0800
4850 0.1200
4851 0.1600
4852 0.0900
4867 0.0700
4869 0.0600
4879 0.0000
4882 0.1600
4931 0.2400
4938 0.2100
4942 0.1000
4948 0.0400
4949 0.0400
4951 0.0300
4958 0.2000
4959 0.0600
4960 0.0000
4961 0.1900
4962 0.1100
4963 0.0700
4964 0.0800
4965 0.0700
4966 0.1000
4967 0.1900
4968 0.1100
4972 0.1000
4973 0.2200
4975 0.1800
4978 0.1900
4980 0.1000
4981 0.1900
4984 0.0100
4987 0.0200
4991 0.1100
4992 0.0500
4996 0.2100
FRAME t=424412.257 src=55324 n=5000 nz=115 seen=1 seen=1
3524 0.1900
3639 0.1500
3644 0.2100
3647 0.0800
3703 0.0200
3726 0.1400
3761 0.1400
3811 0.2100
3857 0.1000
3888 0.2000
3914 0.0900
3927 0.0300
4014 0.1200
4036 0.0700
4038 0.0300
4048 0.1600
4128 0.1000
4141 0.1300
4154 0.2300
4176 0.2300
4180 0.1900
4198 0.1600
4209 0.1400
4237 0.1500
4253 0.1900
4255 0.1300
4269 0.1200
4288 0.1800
4295 0.2400
4296 0.1300
4321 0.1200
4371 0.0500
4399 0.1500
4402 0.0700
4403 0.0400
4416 0.0700
4421 0.1100
4426 0.1800
4439 0.0900
4440 0.0200
4468 0.1500
4517 0.1400
4531 0.0900
4551 0.2400
4554 0.0500
4556 0.2100
4559 0.1500
4570 0.1800
4576 0.0000
4579 0.1100
4589 0.1700
4597 0.0400
4647 0.1800
4664 0.2000
4673 0.1400
4679 0.0400
4680 0.1500
4685 0.1600
4693 0.1900
4694 0.1900
4699 0.0100
4700 0.2300
4715 0.1400
4719 0.1800
4722 0.0500
4786 0.1100
4791 0.1500
4794 0.0500
4812 0.2400
4813 0.1800
4819 0.0300
4821 0.2300
4822 0.2300
4831 0.1400
4832 0.2100
4833 0.0500
4834 0.1900
4841 0.1400
4845 0.0800
4850 0.1200
4851 0.1600
4852 0.0900
4867 0.0700
4869 0.0600
4882 0.1600
4931 0.2400
4938 0.2100
4942 0.1000
4948 0.0400
4949 0.0400
4951 0.0300
4958 0.2000
4959 0.0600
4961 0.1900
4962 0.1100
4963 0.0700
4964 0.0800
4965 0.0700
4966 0.1000
4967 0.1900
4968 0.1100
4970 0.1500
4972 0.1000
4973 0.2200
4975 0.1800
4977 0.1500
4978 0.1900
4980 0.1000
4981 0.1900
4985 0.1500
4986 0.0100
4987 0.0200
4991 0.1100
4992 0.0500
4996 0.2100
FRAME t=424412.269 src=55324 n=5000 nz=114 seen=1 seen=1
3524 0.1800
3639 0.1400
3644 0.2000
3647 0.0700
3703 0.0100
3726 0.1300
3761 0.1300
3811 0.2000
3857 0.0900
3888 0.1900
3914 0.0800
3927 0.0200
4014 0.1100
4036 0.0600
4038 0.0200
4048 0.1500
4128 0.0900
4141 0.1200
4154 0.2200
4176 0.2200
4180 0.1800
4198 0.1500
4209 0.1300
4237 0.1400
4253 0.1800
4255 0.1200
4269 0.1100
4288 0.1700
4295 0.2300
4296 0.1200
4321 0.1100
4371 0.0400
4399 0.1400
4402 0.0600
4403 0.0300
4416 0.0600
4421 0.1000
4426 0.1700
4439 0.0800
4440 0.0100
4468 0.1400
4517 0.1300
4531 0.0800
4551 0.2300
4554 0.0400
4556 0.2000
4559 0.1400
4570 0.1700
4579 0.1000
4589 0.1600
4597 0.0300
4647 0.1700
4664 0.1900
4673 0.1300
4679 0.0300
4680 0.1400
4685 0.1500
4693 0.1800
4694 0.1800
4699 0.0000
4700 0.2200
4715 0.1300
4719 0.1700
4722 0.0400
4786 0.1000
4791 0.1400
4794 0.0400
4812 0.2300
4813 0.1700
4819 0.0200
4821 0.2200
4822 0.2200
4831 0.1300
4832 0.2000
4833 0.0400
4834 0.1800
4841 0.1300
4845 0.0700
4850 0.1100
4851 0.1500
4852 0.0800
4867 0.0600
4869 0.0500
4882 0.1500
4931 0.2300
4938 0.2000
4942 0.0900
4948 0.0300
4949 0.0300
4951 0.0200
4958 0.1900
4959 0.0500
4961 0.1800
4962 0.1000
4963 0.0600
4964 0.0700
4965 0.0600
4966 0.0900
4967 0.1800
4968 0.1000
4970 0.1400
4972 0.0900
4973 0.2100
4975 0.1700
4977 0.1400
4978 0.1800
4980 0.0900
4981 0.1800
4985 0.1400
4986 0.0000
4987 0.0100
4991 0.1000
4992 0.0400
4996 0.2000
FRAME t=424412.278 src=52523 n=5000 nz=107 seen=1 seen=1
3062 0.1400
3524 0.1800
3644 0.2000
3647 0.0700
3703 0.0100
3726 0.1300
3761 0.1300
3811 0.2000
3857 0.0900
3888 0.1900
3914 0.0800
3927 0.0200
3994 0.1400
4014 0.1100
4036 0.0600
4038 0.0200
4048 0.1500
4128 0.0900
4141 0.1200
4154 0.2200
4176 0.2200
4180 0.1800
4198 0.1500
4209 0.1300
4253 0.1800
4255 0.1200
4269 0.1100
4288 0.1700
4295 0.2300
4296 0.1200
4321 0.1100
4371 0.0400
4402 0.0600
4403 0.0300
4416 0.0600
4421 0.1000
4426 0.1700
4439 0.0800
4440 0.0100
4517 0.1300
4531 0.0800
4551 0.2300
4554 0.0400
4556 0.2000
4570 0.1700
4579 0.1000
4589 0.1600
4597 0.0300
4647 0.1700
4664 0.1900
4673 0.1300
4679 0.0300
4685 0.1500
4693 0.1800
4694 0.1800
4699 0.0000
4700 0.2200
4715 0.1400
4719 0.1700
4722 0.0400
4786 0.1000
4794 0.0400
4812 0.2300
4813 0.1700
4819 0.0200
4821 0.2200
4822 0.2200
4831 0.1300
4832 0.2000
4833 0.0400
4834 0.1800
4840 0.1400
4841 0.1300
4845 0.0700
4850 0.1100
4851 0.1500
4852 0.0800
4867 0.0600
4869 0.0500
4882 0.1500
4931 0.2300
4938 0.2000
4942 0.0900
4948 0.0300
4949 0.0300
4951 0.0200
4958 0.1900
4959 0.0500
4961 0.1800
4962 0.1000
4963 0.0600
4964 0.0700
4965 0.0600
4966 0.0900
4967 0.1800
4968 0.1000
4972 0.0900
4973 0.2100
4975 0.1700
4978 0.1800
4980 0.0900
4981 0.1800
4984 0.0000
4987 0.0100
4991 0.1000
4992 0.0400
4996 0.2000
FRAME t=424412.286 src=52523 n=5000 nz=105 seen=1 seen=1
3062 0.1300
3524 0.1700
3644 0.1900
3647 0.0600
3703 0.0000
3726 0.1200
3761 0.1200
3811 0.1900
3857 0.0800
3888 0.1800
3914 0.0700
3927 0.0100
3994 0.1300
4014 0.1000
4036 0.0500
4038 0.0100
4048 0.1400
4128 0.0800
4141 0.1100
4154 0.2100
4176 0.2100
4180 0.1700
4198 0.1400
4209 0.1200
4253 0.1700
4255 0.1100
4269 0.1000
4288 0.1600
4295 0.2200
4296 0.1100
4321 0.1000
4371 0.0300
4402 0.0500
4403 0.0200
4416 0.0500
4421 0.0900
4426 0.1600
4439 0.0700
4440 0.0000
4517 0.1200
4531 0.0700
4551 0.2200
4554 0.0300
4556 0.1900
4570 0.1600
4579 0.0900
4589 0.1500
4597 0.0200
4647 0.1600
4664 0.1800
4673 0.1200
4679 0.0200
4685 0.1400
4693 0.1700
4694 0.1700
4700 0.2100
4715 0.1300
4719 0.1600
4722 0.0300
4786 0.0900
4794 0.0300
4812 0.2200
4813 0.1600
4819 0.0100
4821 0.2100
4822 0.2100
4831 0.1200
4832 0.1900
4833 0.0300
4834 0.1700
4840 0.1300
4841 0.1200
4845 0.0600
4850 0.1000
4851 0.1400
4852 0.0700
4867 0.0500
4869 0.0400
4882 0.1400
4931 0.2200
4938 0.1900
4942 0.0800
4948 0.0200
4949 0.0200
4951 0.0100
4958 0.1800
4959 0.0400
4961 0.1700
4962 0.0900
4963 0.0500
4964 0.0600
4965 0.0500
4966 0.0800
4967 0.1700
4968 0.0900
4972 0.0800
4973 0.2000
4975 0.1600
4978 0.1700
4980 0.0800
4981 0.1700
4987 0.0000
4991 0.0900
4992 0.0300
4996 0.1900
FRAME t=424412.298 src=55324 n=5000 nz=112 seen=1 seen=1
3524 0.1700
3639 0.1300
3644 0.1900
3647 0.0600
3703 0.0000
3726 0.1200
3761 0.1200
3811 0.1900
3857 0.0800
3888 0.1800
3914 0.0700
3927 0.0100
4014 0.1000
4036 0.0500
4038 0.0100
4048 0.1400
4128 0.0800
4141 0.1100
4154 0.2100
4176 0.2100
4180 0.1700
4198 0.1400
4209 0.1200
4237 0.1300
4253 0.1700
4255 0.1100
4269 0.1000
4288 0.1600
4295 0.2200
4296 0.1100
4321 0.1000
4371 0.0300
4399 0.1300
4402 0.0500
4403 0.0200
4416 0.0500
4421 0.0900
4426 0.1600
4439 0.0700
4440 0.0000
4468 0.1300
4517 0.1200
4531 0.0700
4551 0.2200
4554 0.0300
4556 0.1900
4559 0.1300
4570 0.1600
4579 0.0900
4589 0.1500
4597 0.0200
4647 0.1600
4664 0.1800
4673 0.1200
4679 0.0200
4680 0.1300
4685 0.1400
4693 0.1700
4694 0.1700
4700 0.2100
4715 0.1200
4719 0.1600
4722 0.0300
4786 0.0900
4791 0.1300
4794 0.0300
4812 0.2200
4813 0.1600
4819 0.0100
4821 0.2100
4822 0.2100
4831 0.1200
4832 0.1900
4833 0.0300
4834 0.1700
4841 0.1200
4845 0.0600
4850 0.1000
4851 0.1400
4852 0.0700
4867 0.0500
4869 0.0400
4882 0.1400
4931 0.2200
4938 0.1900
4942 0.0800
4948 0.0200
4949 0.0200
4951 0.0100
4958 0.1800
4959 0.0400
4961 0.1700
4962 0.0900
4963 0.0500
4964 0.0600
4965 0.0500
4966 0.0800
4967 0.1700
4968 0.0900
4970 0.1300
4972 0.0800
4973 0.2000
4975 0.1600
4977 0.1300
4978 0.1700
4980 0.0800
4981 0.1700
4985 0.1300
4987 0.0000
4991 0.0900
4992 0.0300
4996 0.1900
FRAME t=424412.303 src=55324 n=5000 nz=109 seen=1 seen=1
3524 0.1600
3639 0.1200
3644 0.1800
3647 0.0500
3726 0.1100
3761 0.1100
3811 0.1800
3857 0.0700
3888 0.1700
3914 0.0600
3927 0.0000
4014 0.0900
4036 0.0400
4038 0.0000
4048 0.1300
4128 0.0700
4141 0.1000
4154 0.2000
4176 0.2000
4180 0.1600
4198 0.1300
4209 0.1100
4237 0.1200
4253 0.1600
4255 0.1000
4269 0.0900
4288 0.1500
4295 0.2100
4296 0.1000
4321 0.0900
4371 0.0200
4399 0.1200
4402 0.0400
4403 0.0100
4416 0.0400
4421 0.0800
4426 0.1500
4439 0.0600
4468 0.1200
4517 0.1100
4531 0.0600
4551 0.2100
4554 0.0200
4556 0.1800
4559 0.1200
4570 0.1500
4579 0.0800
4589 0.1400
4597 0.0100
4647 0.1500
4664 0.1700
4673 0.1100
4679 0.0100
4680 0.1200
4685 0.1300
4693 0.1600
4694 0.1600
4700 0.2000
4715 0.1100
4719 0.1500
4722 0.0200
4786 0.0800
4791 0.1200
4794 0.0200
4812 0.2100
4813 0.1500
4819 0.0000
4821 0.2000
4822 0.2000
4831 0.1100
4832 0.1800
4833 0.0200
4834 0.1600
4841 0.1100
4845 0.0500
4850 0.0900
4851 0.1300
4852 0.0600
4867 0.0400
4869 0.0300
4882 0.1300
4931 0.2100
4938 0.1800
4942 0.0700
4948 0.0100
4949 0.0100
4951 0.0000
4958 0.1700
4959 0.0300
4961 0.1600
4962 0.0800
4963 0.0400
4964 0.0500
4965 0.0400
4966 0.0700
4967 0.1600
4968 0.0800
4970 0.1200
4972 0.0700
4973 0.1900
4975 0.1500
4977 0.1200
4978 0.1600
4980 0.0700
4981 0.1600
4985 0.1200
4991 0.0800
4992 0.0200
4996 0.1800
FRAME t=424412.320 src=52523 n=5000 nz=102 seen=1 seen=1
3062 0.1200
3524 0.1600
3644 0.1800
3647 0.0500
3726 0.1100
3761 0.1100
3811 0.1800
3857 0.0700
3888 0.1700
3914 0.0600
3927 0.0000
3994 0.1200
4014 0.0900
4036 0.0400
4038 0.0000
4048 0.1300
4128 0.0700
4141 0.1000
4154 0.2000
4176 0.2000
4180 0.1600
4198 0.1300
4209 0.1100
4253 0.1600
4255 0.1000
4269 0.0900
4288 0.1500
4295 0.2100
4296 0.1000
4321 0.0900
4371 0.0200
4402 0.0400
4403 0.0100
4416 0.0400
4421 0.0800
4426 0.1500
4439 0.0600
4517 0.1100
4531 0.0600
4551 0.2100
4554 0.0200
4556 0.1800
4570 0.1500
4579 0.0800
4589 0.1400
4597 0.0100
4647 0.1500
4664 0.1700
4673 0.1100
4679 0.0100
4685 0.1300
4693 0.1600
4694 0.1600
4700 0.2000
4715 0.1200
4719 0.1500
4722 0.0200
4786 0.0800
4794 0.0200
4812 0.2100
4813 0.1500
4819 0.0000
4821 0.2000
4822 0.2000
4831 0.1100
4832 0.1800
4833 0.0200
4834 0.1600
4840 0.1200
4841 0.1100
4845 0.0500
4850 0.0900
4851 0.1300
4852 0.0600
4867 0.0400
4869 0.0300
4882 0.1300
4931 0.2100
4938 0.1800
4942 0.0700
4948 0.0100
4949 0.0100
4951 0.0000
4958 0.1700
4959 0.0300
4961 0.1600
4962 0.0800
4963 0.0400
4964 0.0500
4965 0.0400
4966 0.0700
4967 0.1600
4968 0.0800
4972 0.0700
4973 0.1900
4975 0.1500
4978 0.1600
4980 0.0700
4981 0.1600
4991 0.0800
4992 0.0200
4996 0.1800
FRAME t=424412.336 src=52523 n=5000 nz=98 seen=1 seen=1
3062 0.1100
3524 0.1500
3644 0.1700
3647 0.0400
3726 0.1000
3761 0.1000
3811 0.1700
3857 0.0600
3888 0.1600
3914 0.0500
3994 0.1100
4014 0.0800
4036 0.0300
4048 0.1200
4128 0.0600
4141 0.0900
4154 0.1900
4176 0.1900
4180 0.1500
4198 0.1200
4209 0.1000
4253 0.1500
4255 0.0900
4269 0.0800
4288 0.1400
4295 0.2000
4296 0.0900
4321 0.0800
4371 0.0100
4402 0.0300
4403 0.0000
4416 0.0300
4421 0.0700
4426 0.1400
4439 0.0500
4517 0.1000
4531 0.0500
4551 0.2000
4554 0.0100
4556 0.1700
4570 0.1400
4579 0.0700
4589 0.1300
4597 0.0000
4647 0.1400
4664 0.1600
4673 0.1000
4679 0.0000
4685 0.1200
4693 0.1500
4694 0.1500
4700 0.1900
4715 0.1100
4719 0.1400
4722 0.0100
4786 0.0700
4794 0.0100
4812 0.2000
4813 0.1400
4821 0.1900
4822 0.1900
4831 0.1000
4832 0.1700
4833 0.0100
4834 0.1500
4840 0.1100
4841 0.1000
4845 0.0400
4850 0.0800
4851 0.1200
4852 0.0500
4867 0.0300
4869 0.0200
4882 0.1200
4931 0.2000
4938 0.1700
4942 0.0600
4948 0.0000
4949 0.0000
4958 0.1600
4959 0.0200
4961 0.1500
4962 0.0700
4963 0.0300
4964 0.0400
4965 0.0300
4966 0.0600
4967 0.1500
4968 0.0700
4972 0.0600
4973 0.1800
4975 0.1400
4978 0.1500
4980 0.0600
4981 0.1500
4991 0.0700
4992 0.0100
4996 0.1700
FRAME t=424412.339 src=55324 n=5000 nz=105 seen=1 seen=1
3524 0.1500
3639 0.1100
3644 0.1700
3647 0.0400
3726 0.1000
3761 0.1000
3811 0.1700
3857 0.0600
3888 0.1600
3914 0.0500
4014 0.0800
4036 0.0300
4048 0.1200
4128 0.0600
4141 0.0900
4154 0.1900
4176 0.1900
4180 0.1500
4198 0.1200
4209 0.1000
4237 0.1100
4253 0.1500
4255 0.0900
4269 0.0800
4288 0.1400
4295 0.2000
4296 0.0900
4321 0.0800
4371 0.0100
4399 0.1100
4402 0.0300
4403 0.0000
4416 0.0300
4421 0.0700
4426 0.1400
4439 0.0500
4468 0.1100
4517 0.1000
4531 0.0500
4551 0.2000
4554 0.0100
4556 0.1700
4559 0.1100
4570 0.1400
4579 0.0700
4589 0.1300
4597 0.0000
4647 0.1400
4664 0.1600
4673 0.1000
4679 0.0000
4680 0.1100
4685 0.1200
4693 0.1500
4694 0.1500
4700 0.1900
4715 0.1000
4719 0.1400
4722 0.0100
4786 0.0700
4791 0.1100
4794 0.0100
4812 0.2000
4813 0.1400
4821 0.1900
4822 0.1900
4831 0.1000
4832 0.1700
4833 0.0100
4834 0.1500
4841 0.1000
4845 0.0400
4850 0.0800
4851 0.1200
4852 0.0500
4867 0.0300
4869 0.0200
4882 0.1200
4931 0.2000
4938 0.1700
4942 0.0600
4948 0.0000
4949 0.0000
4958 0.1600
4959 0.0200
4961 0.1500
4962 0.0700
4963 0.0300
4964 0.0400
4965 0.0300
4966 0.0600
4967 0.1500
4968 0.0700
4970 0.1100
4972 0.0600
4973 0.1800
4975 0.1400
4977 0.1100
4978 0.1500
4980 0.0600
4981 0.1500
4985 0.1100
4991 0.0700
4992 0.0100
4996 0.1700
FRAME t=424412.353 src=55324 n=5000 nz=100 seen=1 seen=1
3524 0.1400
3639 0.1000
3644 0.1600
3647 0.0300
3726 0.0900
3761 0.0900
3811 0.1600
3857 0.0500
3888 0.1500
3914 0.0400
4014 0.0700
4036 0.0200
4048 0.1100
4128 0.0500
4141 0.0800
4154 0.1800
4176 0.1800
4180 0.1400
4198 0.1100
4209 0.0900
4237 0.1000
4253 0.1400
4255 0.0800
4269 0.0700
4288 0.1300
4295 0.1900
4296 0.0800
4321 0.0700
4371 0.0000
4399 0.1000
4402 0.0200
4416 0.0200
4421 0.0600
4426 0.1300
4439 0.0400
4468 0.1000
4517 0.0900
4531 0.0400
4551 0.1900
4554 0.0000
4556 0.1600
4559 0.1000
4570 0.1300
4579 0.0600
4589 0.1200
4647 0.1300
4664 0.1500
4673 0.0900
4680 0.1000
4685 0.1100
4693 0.1400
4694 0.1400
4700 0.1800
4715 0.0900
4719 0.1300
4722 0.0000
4786 0.0600
4791 0.1000
4794 0.0000
4812 0.1900
4813 0.1300
4821 0.1800
4822 0.1800
4831 0.0900
4832 0.1600
4833 0.0000
4834 0.1400
4841 0.0900
4845 0.0300
4850 0.0700
4851 0.1100
4852 0.0400
4867 0.0200
4869 0.0100
4882 0.1100
4931 0.1900
4938 0.1600
4942 0.0500
4958 0.1500
4959 0.0100
4961 0.1400
4962 0.0600
4963 0.0200
4964 0.0300
4965 0.0200
4966 0.0500
4967 0.1400
4968 0.0600
4970 0.1000
4972 0.0500
4973 0.1700
4975 0.1300
4977 0.1000
4978 0.1400
4980 0.0500
4981 0.1400
4985 0.1000
4991 0.0600
4992 0.0000
4996 0.1600
FRAME t=424412.360 src=52523 n=5000 nz=93 seen=1 seen=1
3062 0.1000
3524 0.1400
3644 0.1600
3647 0.0300
3726 0.0900
3761 0.0900
3811 0.1600
3857 0.0500
3888 0.1500
3914 0.0400
3994 0.1000
4014 0.0700
4036 0.0200
4048 0.1100
4128 0.0500
4141 0.0800
4154 0.1800
4176 0.1800
4180 0.1400
4198 0.1100
4209 0.0900
4253 0.1400
4255 0.0800
4269 0.0700
4288 0.1300
4295 0.1900
4296 0.0800
4321 0.0700
4371 0.0000
4402 0.0200
4416 0.0200
4421 0.0600
4426 0.1300
4439 0.0400
4517 0.0900
4531 0.0400
4551 0.1900
4554 0.0000
4556 0.1600
4570 0.1300
4579 0.0600
4589 0.1200
4647 0.1300
4664 0.1500
4673 0.0900
4685 0.1100
4693 0.1400
4694 0.1400
4700 0.1800
4715 0.1000
4719 0.1300
4722 0.0000
4786 0.0600
4794 0.0000
4812 0.1900
4813 0.1300
4821 0.1800
4822 0.1800
4831 0.0900
4832 0.1600
4833 0.0000
4834 0.1400
4840 0.1000
4841 0.0900
4845 0.0300
4850 0.0700
4851 0.1100
4852 0.0400
4867 0.0200
4869 0.0100
4882 0.1100
4931 0.1900
4938 0.1600
4942 0.0500
4958 0.1500
4959 0.0100
4961 0.1400
4962 0.0600
4963 0.0200
4964 0.0300
4965 0.0200
4966 0.0500
4967 0.1400
4968 0.0600
4972 0.0500
4973 0.1700
4975 0.1300
4978 0.1400
4980 0.0500
4981 0.1400
4991 0.0600
4992 0.0000
4996 0.1600
FRAME t=424412.374 src=52523 n=5000 nz=87 seen=1 seen=1
3062 0.0900
3524 0.1300
3644 0.1500
3647 0.0200
3726 0.0800
3761 0.0800
3811 0.1500
3857 0.0400
3888 0.1400
3914 0.0300
3994 0.0900
4014 0.0600
4036 0.0100
4048 0.1000
4128 0.0400
4141 0.0700
4154 0.1700
4176 0.1700
4180 0.1300
4198 0.1000
4209 0.0800
4253 0.1300
4255 0.0700
4269 0.0600
4288 0.1200
4295 0.1800
4296 0.0700
4321 0.0600
4402 0.0100
4416 0.0100
4421 0.0500
4426 0.1200
4439 0.0300
4517 0.0800
4531 0.0300
4551 0.1800
4556 0.1500
4570 0.1200
4579 0.0500
4589 0.1100
4647 0.1200
4664 0.1400
4673 0.0800
4685 0.1000
4693 0.1300
4694 0.1300
4700 0.1700
4715 0.0900
4719 0.1200
4786 0.0500
4812 0.1800
4813 0.1200
4821 0.1700
4822 0.1700
4831 0.0800
4832 0.1500
4834 0.1300
4840 0.0900
4841 0.0800
4845 0.0200
4850 0.0600
4851 0.1000
4852 0.0300
4867 0.0100
4869 0.0000
4882 0.1000
4931 0.1800
4938 0.1500
4942 0.0400
4958 0.1400
4959 0.0000
4961 0.1300
4962 0.0500
4963 0.0100
4964 0.0200
4965 0.0100
4966 0.0400
4967 0.1300
4968 0.0500
4972 0.0400
4973 0.1600
4975 0.1200
4978 0.1300
4980 0.0400
4981 0.1300
4991 0.0500
4996 0.1500
FRAME t=424412.381 src=55324 n=5000 nz=94 seen=1 seen=1
3524 0.1300
3639 0.0900
3644 0.1500
3647 0.0200
3726 0.0800
3761 0.0800
3811 0.1500
3857 0.0400
3888 0.1400
3914 0.0300
4014 0.0600
4036 0.0100
4048 0.1000
4128 0.0400
4141 0.0700
4154 0.1700
4176 0.1700
4180 0.1300
4198 0.1000
4209 0.0800
4237 0.0900
4253 0.1300
4255 0.0700
4269 0.0600
4288 0.1200
4295 0.1800
4296 0.0700
4321 0.0600
4399 0.0900
4402 0.0100
4416 0.0100
4421 0.0500
4426 0.1200
4439 0.0300
4468 0.0900
4517 0.0800
4531 0.0300
4551 0.1800
4556 0.1500
4559 0.0900
4570 0.1200
4579 0.0500
4589 0.1100
4647 0.1200
4664 0.1400
4673 0.0800
4680 0.0900
4685 0.1000
4693 0.1300
4694 0.1300
4700 0.1700
4715 0.0800
4719 0.1200
4786 0.0500
4791 0.0900
4812 0.1800
4813 0.1200
4821 0.1700
4822 0.1700
4831 0.0800
4832 0.1500
4834 0.1300
4841 0.0800
4845 0.0200
4850 0.0600
4851 0.1000
4852 0.0300
4867 0.0100
4869 0.0000
4882 0.1000
4931 0.1800
4938 0.1500
4942 0.0400
4958 0.1400
4959 0.0000
4961 0.1300
4962 0.0500
4963 0.0100
4964 0.0200
4965 0.0100
4966 0.0400
4967 0.1300
4968 0.0500
4970 0.0900
4972 0.0400
4973 0.1600
4975 0.1200
4977 0.0900
4978 0.1300
4980 0.0400
4981 0.1300
4985 0.0900
4991 0.0500
4996 0.1500
FRAME t=424412.387 src=55324 n=5000 nz=92 seen=1 seen=1
3524 0.1200
3639 0.0800
3644 0.1400
3647 0.0100
3726 0.0700
3761 0.0700
3811 0.1400
3857 0.0300
3888 0.1300
3914 0.0200
4014 0.0500
4036 0.0000
4048 0.0900
4128 0.0300
4141 0.0600
4154 0.1600
4176 0.1600
4180 0.1200
4198 0.0900
4209 0.0700
4237 0.0800
4253 0.1200
4255 0.0600
4269 0.0500
4288 0.1100
4295 0.1700
4296 0.0600
4321 0.0500
4399 0.0800
4402 0.0000
4416 0.0000
4421 0.0400
4426 0.1100
4439 0.0200
4468 0.0800
4517 0.0700
4531 0.0200
4551 0.1700
4556 0.1400
4559 0.0800
4570 0.1100
4579 0.0400
4589 0.1000
4647 0.1100
4664 0.1300
4673 0.0700
4680 0.0800
4685 0.0900
4693 0.1200
4694 0.1200
4700 0.1600
4715 0.0700
4719 0.1100
4786 0.0400
4791 0.0800
4812 0.1700
4813 0.1100
4821 0.1600
4822 0.1600
4831 0.0700
4832 0.1400
4834 0.1200
4841 0.0700
4845 0.0100
4850 0.0500
4851 0.0900
4852 0.0200
4867 0.0000
4882 0.0900
4931 0.1700
4938 0.1400
4942 0.0300
4958 0.1300
4961 0.1200
4962 0.0400
4963 0.0000
4964 0.0100
4965 0.0000
4966 0.0300
4967 0.1200
4968 0.0400
4970 0.0800
4972 0.0300
4973 0.1500
4975 0.1100
4977 0.0800
4978 0.1200
4980 0.0300
4981 0.1200
4985 0.0800
4991 0.0400
4996 0.1400
FRAME t=424412.407 src=52523 n=5000 nz=85 seen=1 seen=1
3062 0.0800
3524 0.1200
3644 0.1400
3647 0.0100
3726 0.0700
3761 0.0700
3811 0.1400
3857 0.0300
3888 0.1300
3914 0.0200
3994 0.0800
4014 0.0500
4036 0.0000
4048 0.0900
4128 0.0300
4141 0.0600
4154 0.1600
4176 0.1600
4180 0.1200
4198 0.0900
4209 0.0700
4253 0.1200
4255 0.0600
4269 0.0500
4288 0.1100
4295 0.1700
4296 0.0600
4321 0.0500
4402 0.0000
4416 0.0000
4421 0.0400
4426 0.1100
4439 0.0200
4517 0.0700
4531 0.0200
4551 0.1700
4556 0.1400
4570 0.1100
4579 0.0400
4589 0.1000
4647 0.1100
4664 0.1300
4673 0.0700
4685 0.0900
4693 0.1200
4694 0.1200
4700 0.1600
4715 0.0800
4719 0.1100
4786 0.0400
4812 0.1700
4813 0.1100
4821 0.1600
4822 0.1600
4831 0.0700
4832 0.1400
4834 0.1200
4840 0.0800
4841 0.0700
4845 0.0100
4850 0.0500
4851 0.0900
4852 0.0200
4867 0.0000
4882 0.0900
4931 0.1700
4938 0.1400
4942 0.0300
4958 0.1300
4961 0.1200
4962 0.0400
4963 0.0000
4964 0.0100
4965 0.0000
4966 0.0300
4967 0.1200
4968 0.0400
4972 0.0300
4973 0.1500
4975 0.1100
4978 0.1200
4980 0.0300
4981 0.1200
4991 0.0400
4996 0.1400
FRAME t=424412.408 src=52523 n=5000 nz=79 seen=1 seen=1
3062 0.0700
3524 0.1100
3644 0.1300
3647 0.0000
3726 0.0600
3761 0.0600
3811 0.1300
3857 0.0200
3888 0.1200
3914 0.0100
3994 0.0700
4014 0.0400
4048 0.0800
4128 0.0200
4141 0.0500
4154 0.1500
4176 0.1500
4180 0.1100
4198 0.0800
4209 0.0600
4253 0.1100
4255 0.0500
4269 0.0400
4288 0.1000
4295 0.1600
4296 0.0500
4321 0.0400
4421 0.0300
4426 0.1000
4439 0.0100
4517 0.0600
4531 0.0100
4551 0.1600
4556 0.1300
4570 0.1000
4579 0.0300
4589 0.0900
4647 0.1000
4664 0.1200
4673 0.0600
4685 0.0800
4693 0.1100
4694 0.1100
4700 0.1500
4715 0.0700
4719 0.1000
4786 0.0300
4812 0.1600
4813 0.1000
4821 0.1500
4822 0.1500
4831 0.0600
4832 0.1300
4834 0.1100
4840 0.0700
4841 0.0600
4845 0.0000
4850 0.0400
4851 0.0800
4852 0.0100
4882 0.0800
4931 0.1600
4938 0.1300
4942 0.0200
4958 0.1200
4961 0.1100
4962 0.0300
4964 0.0000
4966 0.0200
4967 0.1100
4968 0.0300
4972 0.0200
4973 0.1400
4975 0.1000
4978 0.1100
4980 0.0200
4981 0.1100
4991 0.0300
4996 0.1300
FRAME t=424412.421 src=55324 n=5000 nz=86 seen=1 seen=1
3524 0.1100
3639 0.0700
3644 0.1300
3647 0.0000
3726 0.0600
3761 0.0600
3811 0.1300
3857 0.0200
3888 0.1200
3914 0.0100
4014 0.0400
4048 0.0800
4128 0.0200
4141 0.0500
4154 0.1500
4176 0.1500
4180 0.1100
4198 0.0800
4209 0.0600
4237 0.0700
4253 0.1100
4255 0.0500
4269 0.0400
4288 0.1000
4295 0.1600
4296 0.0500
4321 0.0400
4399 0.0700
4421 0.0300
4426 0.1000
4439 0.0100
4468 0.0700
4517 0.0600
4531 0.0100
4551 0.1600
4556 0.1300
4559 0.0700
4570 0.1000
4579 0.0300
4589 0.0900
4647 0.1000
4664 0.1200
4673 0.0600
4680 0.0700
4685 0.0800
4693 0.1100
4694 0.1100
4700 0.1500
4715 0.0600
4719 0.1000
4786 0.0300
4791 0.0700
4812 0.1600
4813 0.1000
4821 0.1500
4822 0.1500
4831 0.0600
4832 0.1300
4834 0.1100
4841 0.0600
4845 0.0000
4850 0.0400
4851 0.0800
4852 0.0100
4882 0.0800
4931 0.1600
4938 0.1300
4942 0.0200
4958 0.1200
4961 0.1100
4962 0.0300
4964 0.0000
4966 0.0200
4967 0.1100
4968 0.0300
4970 0.0700
4972 0.0200
4973 0.1400
4975 0.1000
4977 0.0700
4978 0.1100
4980 0.0200
4981 0.1100
4985 0.0700
4991 0.0300
4996 0.1300
FRAME t=424412.440 src=55324 n=5000 nz=83 seen=1 seen=1
3524 0.1000
3639 0.0600
3644 0.1200
3726 0.0500
3761 0.0500
3811 0.1200
3857 0.0100
3888 0.1100
3914 0.0000
4014 0.0300
4048 0.0700
4128 0.0100
4141 0.0400
4154 0.1400
4176 0.1400
4180 0.1000
4198 0.0700
4209 0.0500
4237 0.0600
4253 0.1000
4255 0.0400
4269 0.0300
4288 0.0900
4295 0.1500
4296 0.0400
4321 0.0300
4399 0.0600
4421 0.0200
4426 0.0900
4439 0.0000
4468 0.0600
4517 0.0500
4531 0.0000
4551 0.1500
4556 0.1200
4559 0.0600
4570 0.0900
4579 0.0200
4589 0.0800
4647 0.0900
4664 0.1100
4673 0.0500
4680 0.0600
4685 0.0700
4693 0.1000
4694 0.1000
4700 0.1400
4715 0.0500
4719 0.0900
4786 0.0200
4791 0.0600
4812 0.1500
4813 0.0900
4821 0.1400
4822 0.1400
4831 0.0500
4832 0.1200
4834 0.1000
4841 0.0500
4850 0.0300
4851 0.0700
4852 0.0000
4882 0.0700
4931 0.1500
4938 0.1200
4942 0.0100
4958 0.1100
4961 0.1000
4962 0.0200
4966 0.0100
4967 0.1000
4968 0.0200
4970 0.0600
4972 0.0100
4973 0.1300
4975 0.0900
4977 0.0600
4978 0.1000
4980 0.0100
4981 0.1000
4985 0.0600
4991 0.0200
4996 0.1200
FRAME t=424412.441 src=52523 n=5000 nz=76 seen=1 seen=1
3062 0.0600
3524 0.1000
3644 0.1200
3726 0.0500
3761 0.0500
3811 0.1200
3857 0.0100
3888 0.1100
3914 0.0000
3994 0.0600
4014 0.0300
4048 0.0700
4128 0.0100
4141 0.0400
4154 0.1400
4176 0.1400
4180 0.1000
4198 0.0700
4209 0.0500
4253 0.1000
4255 0.0400
4269 0.0300
4288 0.0900
4295 0.1500
4296 0.0400
4321 0.0300
4421 0.0200
4426 0.0900
4439 0.0000
4517 0.0500
4531 0.0000
4551 0.1500
4556 0.1200
4570 0.0900
4579 0.0200
4589 0.0800
4647 0.0900
4664 0.1100
4673 0.0500
4685 0.0700
4693 0.1000
4694 0.1000
4700 0.1400
4715 0.0600
4719 0.0900
4786 0.0200
4812 0.1500
4813 0.0900
4821 0.1400
4822 0.1400
4831 0.0500
4832 0.1200
4834 0.1000
4840 0.0600
4841 0.0500
4850 0.0300
4851 0.0700
4852 0.0000
4882 0.0700
4931 0.1500
4938 0.1200
4942 0.0100
4958 0.1100
4961 0.1000
4962 0.0200
4966 0.0100
4967 0.1000
4968 0.0200
4972 0.0100
4973 0.1300
4975 0.0900
4978 0.1000
4980 0.0100
4981 0.1000
4991 0.0200
4996 0.1200
FRAME t=424412.457 src=52523 n=5000 nz=72 seen=1 seen=1
3062 0.0500
3524 0.0900
3644 0.1100
3726 0.0400
3761 0.0400
3811 0.1100
3857 0.0000
3888 0.1000
3994 0.0500
4014 0.0200
4048 0.0600
4128 0.0000
4141 0.0300
4154 0.1300
4176 0.1300
4180 0.0900
4198 0.0600
4209 0.0400
4253 0.0900
4255 0.0300
4269 0.0200
4288 0.0800
4295 0.1400
4296 0.0300
4321 0.0200
4421 0.0100
4426 0.0800
4517 0.0400
4551 0.1400
4556 0.1100
4570 0.0800
4579 0.0100
4589 0.0700
4647 0.0800
4664 0.1000
4673 0.0400
4685 0.0600
4693 0.0900
4694 0.0900
4700 0.1300
4715 0.0500
4719 0.0800
4786 0.0100
4812 0.1400
4813 0.0800
4821 0.1300
4822 0.1300
4831 0.0400
4832 0.1100
4834 0.0900
4840 0.0500
4841 0.0400
4850 0.0200
4851 0.0600
4882 0.0600
4931 0.1400
4938 0.1100
4942 0.0000
4958 0.1000
4961 0.0900
4962 0.0100
4966 0.0000
4967 0.0900
4968 0.0100
4972 0.0000
4973 0.1200
4975 0.0800
4978 0.0900
4980 0.0000
4981 0.0900
4991 0.0100
4996 0.1100
FRAME t=424412.461 src=55324 n=5000 nz=79 seen=1 seen=1
3524 0.0900
3639 0.0500
3644 0.1100
3726 0.0400
3761 0.0400
3811 0.1100
3857 0.0000
3888 0.1000
4014 0.0200
4048 0.0600
4128 0.0000
4141 0.0300
4154 0.1300
4176 0.1300
4180 0.0900
4198 0.0600
4209 0.0400
4237 0.0500
4253 0.0900
4255 0.0300
4269 0.0200
4288 0.0800
4295 0.1400
4296 0.0300
4321 0.0200
4399 0.0500
4421 0.0100
4426 0.0800
4468 0.0500
4517 0.0400
4551 0.1400
4556 0.1100
4559 0.0500
4570 0.0800
4579 0.0100
4589 0.0700
4647 0.0800
4664 0.1000
4673 0.0400
4680 0.0500
4685 0.0600
4693 0.0900
4694 0.0900
4700 0.1300
4715 0.0400
4719 0.0800
4786 0.0100
4791 0.0500
4812 0.1400
4813 0.0800
4821 0.1300
4822 0.1300
4831 0.0400
4832 0.1100
4834 0.0900
4841 0.0400
4850 0.0200
4851 0.0600
4882 0.0600
4931 0.1400
4938 0.1100
4942 0.0000
4958 0.1000
4961 0.0900
4962 0.0100
4966 0.0000
4967 0.0900
4968 0.0100
4970 0.0500
4972 0.0000
4973 0.1200
4975 0.0800
4977 0.0500
4978 0.0900
4980 0.0000
4981 0.0900
4985 0.0500
4991 0.0100
4996 0.1100
FRAME t=424412.476 src=55324 n=5000 nz=73 seen=1 seen=1
3524 0.0800
3639 0.0400
3644 0.1000
3726 0.0300
3761 0.0300
3811 0.1000
3888 0.0900
4014 0.0100
4048 0.0500
4141 0.0200
4154 0.1200
4176 0.1200
4180 0.0800
4198 0.0500
4209 0.0300
4237 0.0400
4253 0.0800
4255 0.0200
4269 0.0100
4288 0.0700
4295 0.1300
4296 0.0200
4321 0.0100
4399 0.0400
4421 0.0000
4426 0.0700
4468 0.0400
4517 0.0300
4551 0.1300
4556 0.1000
4559 0.0400
4570 0.0700
4579 0.0000
4589 0.0600
4647 0.0700
4664 0.0900
4673 0.0300
4680 0.0400
4685 0.0500
4693 0.0800
4694 0.0800
4700 0.1200
4715 0.0300
4719 0.0700
4786 0.0000
4791 0.0400
4812 0.1300
4813 0.0700
4821 0.1200
4822 0.1200
4831 0.0300
4832 0.1000
4834 0.0800
4841 0.0300
4850 0.0100
4851 0.0500
4882 0.0500
4931 0.1300
4938 0.1000
4958 0.0900
4961 0.0800
4962 0.0000
4967 0.0800
4968 0.0000
4970 0.0400
4973 0.1100
4975 0.0700
4977 0.0400
4978 0.0800
4981 0.0800
4985 0.0400
4991 0.0000
4996 0.1000
FRAME t=424412.481 src=52523 n=5000 nz=66 seen=1 seen=1
3062 0.0400
3524 0.0800
3644 0.1000
3726 0.0300
3761 0.0300
3811 0.1000
3888 0.0900
3994 0.0400
4014 0.0100
4048 0.0500
4141 0.0200
4154 0.1200
4176 0.1200
4180 0.0800
4198 0.0500
4209 0.0300
4253 0.0800
4255 0.0200
4269 0.0100
4288 0.0700
4295 0.1300
4296 0.0200
4321 0.0100
4421 0.0000
4426 0.0700
4517 0.0300
4551 0.1300
4556 0.1000
4570 0.0700
4579 0.0000
4589 0.0600
4647 0.0700
4664 0.0900
4673 0.0300
4685 0.0500
4693 0.0800
4694 0.0800
4700 0.1200
4715 0.0400
4719 0.0700
4786 0.0000
4812 0.1300
4813 0.0700
4821 0.1200
4822 0.1200
4831 0.0300
4832 0.1000
4834 0.0800
4840 0.0400
4841 0.0300
4850 0.0100
4851 0.0500
4882 0.0500
4931 0.1300
4938 0.1000
4958 0.0900
4961 0.0800
4962 0.0000
4967 0.0800
4968 0.0000
4973 0.1100
4975 0.0700
4978 0.0800
4981 0.0800
4991 0.0000
4996 0.1000
FRAME t=424412.494 src=52523 n=5000 nz=60 seen=1 seen=1
3062 0.0300
3524 0.0700
3644 0.0900
3726 0.0200
3761 0.0200
3811 0.0900
3888 0.0800
3994 0.0300
4014 0.0000
4048 0.0400
4141 0.0100
4154 0.1100
4176 0.1100
4180 0.0700
4198 0.0400
4209 0.0200
4253 0.0700
4255 0.0100
4269 0.0000
4288 0.0600
4295 0.1200
4296 0.0100
4321 0.0000
4426 0.0600
4517 0.0200
4551 0.1200
4556 0.0900
4570 0.0600
4589 0.0500
4647 0.0600
4664 0.0800
4673 0.0200
4685 0.0400
4693 0.0700
4694 0.0700
4700 0.1100
4715 0.0300
4719 0.0600
4812 0.1200
4813 0.0600
4821 0.1100
4822 0.1100
4831 0.0200
4832 0.0900
4834 0.0700
4840 0.0300
4841 0.0200
4850 0.0000
4851 0.0400
4882 0.0400
4931 0.1200
4938 0.0900
4958 0.0800
4961 0.0700
4967 0.0700
4973 0.1000
4975 0.0600
4978 0.0700
4981 0.0700
4996 0.0900
FRAME t=424412.504 src=55324 n=5000 nz=67 seen=1 seen=1
3524 0.0700
3639 0.0300
3644 0.0900
3726 0.0200
3761 0.0200
3811 0.0900
3888 0.0800
4014 0.0000
4048 0.0400
4141 0.0100
4154 0.1100
4176 0.1100
4180 0.0700
4198 0.0400
4209 0.0200
4237 0.0300
4253 0.0700
4255 0.0100
4269 0.0000
4288 0.0600
4295 0.1200
4296 0.0100
4321 0.0000
4399 0.0300
4426 0.0600
4468 0.0300
4517 0.0200
4551 0.1200
4556 0.0900
4559 0.0300
4570 0.0600
4589 0.0500
4647 0.0600
4664 0.0800
4673 0.0200
4680 0.0300
4685 0.0400
4693 0.0700
4694 0.0700
4700 0.1100
4715 0.0200
4719 0.0600
4791 0.0300
4812 0.1200
4813 0.0600
4821 0.1100
4822 0.1100
4831 0.0200
4832 0.0900
4834 0.0700
4841 0.0200
4850 0.0000
4851 0.0400
4882 0.0400
4931 0.1200
4938 0.0900
4958 0.0800
4961 0.0700
4967 0.0700
4970 0.0300
4973 0.1000
4975 0.0600
4977 0.0300
4978 0.0700
4981 0.0700
4985 0.0300
4996 0.0900
FRAME t=424412.512 src=55324 n=5000 nz=63 seen=1 seen=1
3524 0.0600
3639 0.0200
3644 0.0800
3726 0.0100
3761 0.0100
3811 0.0800
3888 0.0700
4048 0.0300
4141 0.0000
4154 0.1000
4176 0.1000
4180 0.0600
4198 0.0300
4209 0.0100
4237 0.0200
4253 0.0600
4255 0.0000
4288 0.0500
4295 0.1100
4296 0.0000
4399 0.0200
4426 0.0500
4468 0.0200
4517 0.0100
4551 0.1100
4556 0.0800
4559 0.0200
4570 0.0500
4589 0.0400
4647 0.0500
4664 0.0700
4673 0.0100
4680 0.0200
4685 0.0300
4693 0.0600
4694 0.0600
4700 0.1000
4715 0.0100
4719 0.0500
4791 0.0200
4812 0.1100
4813 0.0500
4821 0.1000
4822 0.1000
4831 0.0100
4832 0.0800
4834 0.0600
4841 0.0100
4851 0.0300
4882 0.0300
4931 0.1100
4938 0.0800
4958 0.0700
4961 0.0600
4967 0.0600
4970 0.0200
4973 0.0900
4975 0.0500
4977 0.0200
4978 0.0600
4981 0.0600
4985 0.0200
4996 0.0800
FRAME t=424412.524 src=52523 n=5000 nz=56 seen=1 seen=1
3062 0.0200
3524 0.0600
3644 0.0800
3726 0.0100
3761 0.0100
3811 0.0800
3888 0.0700
3994 0.0200
4048 0.0300
4141 0.0000
4154 0.1000
4176 0.1000
4180 0.0600
4198 0.0300
4209 0.0100
4253 0.0600
4255 0.0000
4288 0.0500
4295 0.1100
4296 0.0000
4426 0.0500
4517 0.0100
4551 0.1100
4556 0.0800
4570 0.0500
4589 0.0400
4647 0.0500
4664 0.0700
4673 0.0100
4685 0.0300
4693 0.0600
4694 0.0600
4700 0.1000
4715 0.0200
4719 0.0500
4812 0.1100
4813 0.0500
4821 0.1000
4822 0.1000
4831 0.0100
4832 0.0800
4834 0.0600
4840 0.0200
4841 0.0100
4851 0.0300
4882 0.0300
4931 0.1100
4938 0.0800
4958 0.0700
4961 0.0600
4967 0.0600
4973 0.0900
4975 0.0500
4978 0.0600
4981 0.0600
4996 0.0800
FRAME t=424412.529 src=52523 n=5000 nz=53 seen=1 seen=1
3062 0.0100
3524 0.0500
3644 0.0700
3726 0.0000
3761 0.0000
3811 0.0700
3888 0.0600
3994 0.0100
4048 0.0200
4154 0.0900
4176 0.0900
4180 0.0500
4198 0.0200
4209 0.0000
4253 0.0500
4288 0.0400
4295 0.1000
4426 0.0400
4517 0.0000
4551 0.1000
4556 0.0700
4570 0.0400
4589 0.0300
4647 0.0400
4664 0.0600
4673 0.0000
4685 0.0200
4693 0.0500
4694 0.0500
4700 0.0900
4715 0.0100
4719 0.0400
4812 0.1000
4813 0.0400
4821 0.0900
4822 0.0900
4831 0.0000
4832 0.0700
4834 0.0500
4840 0.0100
4841 0.0000
4851 0.0200
4882 0.0200
4931 0.1000
4938 0.0700
4958 0.0600
4961 0.0500
4967 0.0500
4973 0.0800
4975 0.0400
4978 0.0500
4981 0.0500
4996 0.0700
FRAME t=424412.547 src=55324 n=5000 nz=60 seen=1 seen=1
3524 0.0500
3639 0.0100
3644 0.0700
3726 0.0000
3761 0.0000
3811 0.0700
3888 0.0600
4048 0.0200
4154 0.0900
4176 0.0900
4180 0.0500
4198 0.0200
4209 0.0000
4237 0.0100
4253 0.0500
4288 0.0400
4295 0.1000
4399 0.0100
4426 0.0400
4468 0.0100
4517 0.0000
4551 0.1000
4556 0.0700
4559 0.0100
4570 0.0400
4589 0.0300
4647 0.0400
4664 0.0600
4673 0.0000
4680 0.0100
4685 0.0200
4693 0.0500
4694 0.0500
4700 0.0900
4715 0.0000
4719 0.0400
4791 0.0100
4812 0.1000
4813 0.0400
4821 0.0900
4822 0.0900
4831 0.0000
4832 0.0700
4834 0.0500
4841 0.0000
4851 0.0200
4882 0.0200
4931 0.1000
4938 0.0700
4958 0.0600
4961 0.0500
4967 0.0500
4970 0.0100
4973 0.0800
4975 0.0400
4977 0.0100
4978 0.0500
4981 0.0500
4985 0.0100
4996 0.0700
FRAME t=424412.564 src=55324 n=5000 nz=52 seen=1 seen=1
3524 0.0400
3639 0.0000
3644 0.0600
3811 0.0600
3888 0.0500
4048 0.0100
4154 0.0800
4176 0.0800
4180 0.0400
4198 0.0100
4237 0.0000
4253 0.0400
4288 0.0300
4295 0.0900
4399 0.0000
4426 0.0300
4468 0.0000
4551 0.0900
4556 0.0600
4559 0.0000
4570 0.0300
4589 0.0200
4647 0.0300
4664 0.0500
4680 0.0000
4685 0.0100
4693 0.0400
4694 0.0400
4700 0.0800
4719 0.0300
4791 0.0000
4812 0.0900
4813 0.0300
4821 0.0800
4822 0.0800
4832 0.0600
4834 0.0400
4851 0.0100
4882 0.0100
4931 0.0900
4938 0.0600
4958 0.0500
4961 0.0400
4967 0.0400
4970 0.0000
4973 0.0700
4975 0.0300
4977 0.0000
4978 0.0400
4981 0.0400
4985 0.0000
4996 0.0600
FRAME t=424412.568 src=52523 n=5000 nz=46 seen=1 seen=1
3062 0.0000
3524 0.0400
3644 0.0600
3811 0.0600
3888 0.0500
3994 0.0000
4048 0.0100
4154 0.0800
4176 0.0800
4180 0.0400
4198 0.0100
4253 0.0400
4288 0.0300
4295 0.0900
4426 0.0300
4551 0.0900
4556 0.0600
4570 0.0300
4589 0.0200
4647 0.0300
4664 0.0500
4685 0.0100
4693 0.0400
4694 0.0400
4700 0.0800
4715 0.0000
4719 0.0300
4812 0.0900
4813 0.0300
4821 0.0800
4822 0.0800
4832 0.0600
4834 0.0400
4840 0.0000
4851 0.0100
4882 0.0100
4931 0.0900
4938 0.0600
4958 0.0500
4961 0.0400
4967 0.0400
4973 0.0700
4975 0.0300
4978 0.0400
4981 0.0400
4996 0.0600
